"store"	"depart"	"error"
1	1	448.983805744033
2	1	677.596948448274
3	1	158.172533073103
4	1	628.708925939808
5	1	169.499674173727
6	1	479.279517580443
7	1	177.26433905204
8	1	356.765796668912
9	1	194.054628712164
10	1	1270.48722499216
11	1	492.835765093393
12	1	487.87999293104
13	1	1523.07841636755
14	1	1593.58184087389
15	1	460.474395191917
16	1	196.814821212705
17	1	557.050746935993
18	1	790.381527731194
19	1	863.399259961919
20	1	1373.87488685207
21	1	275.661907971959
22	1	942.532424684906
23	1	1088.43804297221
24	1	640.565442906139
25	1	526.193639731376
26	1	352.58314918626
27	1	810.578483010718
28	1	531.390410629995
29	1	452.814407058208
30	1	185.888672687451
31	1	282.341543343536
32	1	425.852306847824
33	1	68.5536986883328
34	1	317.86560299977
35	1	423.461108171506
36	1	51.7794921563239
37	1	183.343531994951
38	1	115.118990916414
39	1	587.427674281075
40	1	356.26403683576
41	1	470.516913433027
42	1	191.664857597057
43	1	476.357209960403
44	1	138.817558927946
45	1	652.896098399372
1	2	292.775829754523
2	2	310.972352780099
3	2	138.354097942641
4	2	667.314564172255
5	2	61.5568399946038
6	2	321.13594811895
7	2	281.351692346733
8	2	237.638303614056
9	2	148.311141373003
10	2	905.464390622106
11	2	373.162632320631
12	2	620.961746723825
13	2	484.810957261323
14	2	660.046513627309
15	2	212.932163498597
16	2	236.720866400241
17	2	536.583436812975
18	2	593.494751682022
19	2	475.937538327155
20	2	506.272417055602
21	2	308.375895790455
22	2	293.3417156329
23	2	738.006801438007
24	2	320.642768839205
25	2	272.557905733733
26	2	249.131280505458
27	2	764.408047139733
28	2	558.217249411039
29	2	176.909440904968
30	2	88.2317989756841
31	2	284.90634532241
32	2	276.934755283199
33	2	42.9434618222792
34	2	260.733186289882
35	2	564.407774516424
36	2	113.408987183171
37	2	80.0584611965401
38	2	55.6817753204137
39	2	609.863655286564
40	2	247.615358903492
41	2	341.175449872066
42	2	92.6018170229413
43	2	154.017970382314
44	2	49.2776120413703
45	2	230.802787946862
1	3	213.576504117426
2	3	261.096484975027
3	3	86.6533936234235
4	3	440.071505955434
5	3	80.6176290038391
6	3	221.573723731395
7	3	145.850344989414
8	3	214.392211843342
9	3	152.076210377397
10	3	1023.89740217654
11	3	259.161564178638
12	3	395.616289376189
13	3	731.972208060394
14	3	575.625752180723
15	3	146.64811071189
16	3	128.710664135503
17	3	444.577477831435
18	3	374.476107832173
19	3	472.797710061618
20	3	235.047445535791
21	3	296.125444013531
22	3	263.657951698646
23	3	283.707158577454
24	3	218.2723096305
25	3	168.036434015436
26	3	129.589884691874
27	3	388.162168916192
28	3	267.938805948434
29	3	144.277437735897
30	3	15.660541064187
31	3	233.448953287086
32	3	246.690532533119
33	3	13.656483570123
34	3	216.080297502918
35	3	410.993036297444
36	3	11.9495257000661
37	3	21.3466468265012
38	3	14.662027308273
39	3	472.380788787012
40	3	109.772323274248
41	3	466.563534117071
42	3	20.1867256410958
43	3	31.4048845644288
44	3	12.7582016228975
45	3	194.363979237967
1	4	321.755422500023
2	4	263.946795641634
3	4	65.1158760542907
4	4	434.265381596847
5	4	44.542212478698
6	4	173.512274752924
7	4	181.251225967238
8	4	127.293820781762
9	4	102.321645365376
10	4	433.686326894526
11	4	163.254516755903
12	4	190.564899944815
13	4	224.4329689656
14	4	519.679247701237
15	4	87.5429292074829
16	4	129.634037414817
17	4	363.651124354537
18	4	185.30936281265
19	4	186.39276601804
20	4	349.921277086911
21	4	161.10652496786
22	4	199.687482030631
23	4	232.875860710136
24	4	179.322749020627
25	4	137.496213661913
26	4	144.73573378957
27	4	330.602992524764
28	4	234.486029485744
29	4	101.458748608754
30	4	105.107418788253
31	4	207.7118856267
32	4	147.226942645087
33	4	50.7505360128236
34	4	117.684655591017
35	4	302.630748548326
36	4	136.461616321723
37	4	119.167297263727
38	4	66.7933521017924
39	4	415.788002051219
40	4	146.547409699408
41	4	266.508331121494
42	4	89.8437685206976
43	4	143.764327763646
44	4	43.7789171420524
45	4	149.077862370693
1	5	370.016838866411
2	5	482.482681689405
3	5	294.986276321045
4	5	637.385324316009
5	5	160.161512165832
6	5	437.505923519392
7	5	266.874273640199
8	5	313.26171189588
9	5	283.964106923376
10	5	1088.09386641378
11	5	544.231776863428
12	5	388.668483504547
13	5	1184.51621949266
14	5	686.510869386848
15	5	418.175150620212
16	5	279.155893042388
17	5	594.129858084345
18	5	458.136160147976
19	5	475.120866971653
20	5	638.353908651982
21	5	371.505581993829
22	5	424.955428046481
23	5	686.029057755251
24	5	335.097267942552
25	5	363.051338732957
26	5	263.314904303597
27	5	539.307092102645
28	5	446.612487486233
29	5	318.221389660044
30	5	16.1715319199467
31	5	313.439937760779
32	5	375.666972968759
33	5	6.85037116002127
34	5	292.594331277821
35	5	632.940040498379
36	5	30.3646484747124
37	5	34.1267340760701
38	5	16.0746525160346
39	5	565.623211765372
40	5	206.764190114665
41	5	426.177227954706
42	5	35.5467112779571
43	5	47.1545242265152
44	5	37.7878326124339
45	5	385.568271701524
1	6	103.589416649414
2	6	145.263169722859
3	6	71.9994524621525
4	6	179.584870634997
5	6	61.4733530103995
6	6	137.097118118127
7	6	139.589851808796
8	6	92.8985805038221
9	6	80.6527711820359
10	6	222.457675263362
11	6	116.118035726655
12	6	118.471343954105
13	6	136.236123495221
14	6	148.849799522503
15	6	93.8711137123877
16	6	133.538037211311
17	6	125.122259499695
18	6	117.896219248763
19	6	106.234404713085
20	6	203.975045514533
21	6	92.9881484187488
22	6	128.523629700959
23	6	136.602869196457
24	6	116.450050792315
25	6	94.2113721669128
26	6	115.470834013322
27	6	157.026783300586
28	6	123.027591207505
29	6	96.5570779911762
30	6	72.3776093703471
31	6	109.376646058257
32	6	105.021312543922
33	6	-1
34	6	77.1023388733167
35	6	182.176637224565
36	6	243.012062968818
37	6	65.6721561077868
38	6	65.5955647911714
39	6	133.129208348384
40	6	79.04490281969
41	6	114.443932242959
42	6	194.81589447553
43	6	72.3911520058969
44	6	68.7291624682509
45	6	92.0032929759112
1	7	446.937335988596
2	7	832.539015710601
3	7	180.320448416599
4	7	824.710048932577
5	7	113.290599864611
6	7	497.267992921014
7	7	248.260991703752
8	7	330.008050119249
9	7	164.988857714615
10	7	1388.50662222457
11	7	666.91660287942
12	7	893.641153096349
13	7	730.528277314019
14	7	1351.13681520225
15	7	327.784232607517
16	7	204.930606811808
17	7	341.389123349788
18	7	726.929617563796
19	7	380.910252254319
20	7	1078.69784264478
21	7	1002.15339643903
22	7	463.112167563398
23	7	737.011578105105
24	7	405.368699525657
25	7	368.296052507944
26	7	295.863096114621
27	7	537.792022258225
28	7	734.549404085168
29	7	341.962230898807
30	7	14.2419820456212
31	7	561.371151591476
32	7	479.687879644239
33	7	35.2255032127581
34	7	299.085909316342
35	7	664.502815990006
36	7	10.4763793933832
37	7	24.9650924363809
38	7	16.6690882542751
39	7	672.354507649509
40	7	271.858023021214
41	7	504.575503081127
42	7	41.6694992742559
43	7	25.3179446554616
44	7	25.8515620696271
45	7	646.564749175188
1	8	376.795797174289
2	8	596.350819007705
3	8	53.4450383037356
4	8	708.310269717861
5	8	98.3831517761141
6	8	297.090295388224
7	8	103.880450749802
8	8	235.083660576288
9	8	180.510008611864
10	8	834.144130301738
11	8	236.404813609375
12	8	419.799519097875
13	8	328.578674328986
14	8	558.8687952146
15	8	143.358252152535
16	8	99.8721236485797
17	8	138.345267379597
18	8	314.282496633085
19	8	321.916923548055
20	8	668.577357375683
21	8	132.494529032902
22	8	219.17561476083
23	8	250.00320978127
24	8	383.894626616872
25	8	204.938852474119
26	8	235.525453046294
27	8	375.121707160289
28	8	360.432105564696
29	8	121.544271571699
30	8	72.8062755378339
31	8	151.807728604204
32	8	183.144583280347
33	8	32.0749181745222
34	8	205.976006596246
35	8	250.676687699472
36	8	24.0016814549566
37	8	132.491547739772
38	8	46.3135966859684
39	8	283.387468132989
40	8	288.615928320762
41	8	236.09258134854
42	8	161.884301350348
43	8	89.6208633170238
44	8	25.3676161497761
45	8	302.000859721865
1	9	469.197468924032
2	9	427.704768497811
3	9	179.029899806474
4	9	433.399427645272
5	9	134.588445956755
6	9	579.007762605064
7	9	592.63001981992
8	9	154.485750290009
9	9	201.278841062139
10	9	814.955821067829
11	9	203.845542974086
12	9	240.839804502149
13	9	520.554051840242
14	9	300.597455490965
15	9	188.41761808312
16	9	1233.32659465929
17	9	377.055416563869
18	9	303.420089128083
19	9	508.6493012031
20	9	528.631860605913
21	9	168.412425474312
22	9	243.936499000727
23	9	604.418586199626
24	9	334.150010109114
25	9	215.093220037339
26	9	236.498849014537
27	9	355.026064369621
28	9	256.329367367539
29	9	168.37204418899
30	9	3.68491061927838
31	9	136.810691225807
32	9	280.80743880906
33	9	3.07506634503663
34	9	302.045879642937
35	9	267.632742078753
36	9	5.24949589485607
37	9	4.5430601126174
38	9	2.91085358485293
39	9	183.955840484973
40	9	244.848280059168
41	9	428.704119165371
42	9	4.07725832320759
43	9	5.10013022679879
44	9	4.14414550119549
45	9	211.647380819169
1	10	739.279690580337
2	10	731.122973590277
3	10	197.386153751652
4	10	672.283529478547
5	10	127.734374971608
6	10	1063.33817705476
7	10	544.315317686557
8	10	319.3022545158
9	10	247.956956222344
10	10	1302.8275488195
11	10	213.488280197851
12	10	257.430894172007
13	10	372.930830159904
14	10	243.980327288108
15	10	246.329059220292
16	10	243.742462351803
17	10	181.262988555211
18	10	202.455851627388
19	10	433.736510056086
20	10	909.530912502529
21	10	262.706203793281
22	10	218.074464677816
23	10	675.773098791894
24	10	395.394955471202
25	10	320.941514558316
26	10	182.439275476339
27	10	663.42478265754
28	10	259.173312244574
29	10	161.001782796997
30	10	11.4642111414659
31	10	262.608517856888
32	10	358.409478134011
33	10	202.663638025668
34	10	231.565251806718
35	10	203.514336990623
36	10	203.414376481436
37	10	7.73728361221474
38	10	6.42313667988526
39	10	241.00056512241
40	10	403.290900008171
41	10	266.909688947523
42	10	6.74280018966968
43	10	9.03177564174436
44	10	13.6942551410688
45	10	170.997681663946
1	11	763.400930490267
2	11	480.672270690709
3	11	325.711229839502
4	11	628.441785575883
5	11	108.387976940553
6	11	377.050880993192
7	11	365.201603118601
8	11	423.794813177771
9	11	233.300863405107
10	11	838.293786561735
11	11	221.406372635423
12	11	361.239322801083
13	11	226.217094154514
14	11	472.824168363064
15	11	515.158557266429
16	11	275.191207377215
17	11	338.508488353341
18	11	1051.18764197514
19	11	942.229580292299
20	11	756.33240687672
21	11	224.684295650288
22	11	790.955653772163
23	11	1435.36129392558
24	11	733.844741644473
25	11	243.955902439664
26	11	380.78073675282
27	11	764.189941593238
28	11	198.625723155812
29	11	280.283010970069
30	11	28.5663540184746
31	11	224.591858682248
32	11	193.241008718864
33	11	193.874874013687
34	11	325.225245957854
35	11	1093.94105343646
36	11	188.12800560494
37	11	44.2479586646441
38	11	15.965888509488
39	11	383.051288063754
40	11	382.372804027871
41	11	216.025092718759
42	11	18.8555397008077
43	11	28.8296993956105
44	11	25.4914526382781
45	11	468.190207288814
1	12	371.794124036081
2	12	138.419641324974
3	12	35.1805403676882
4	12	150.154289628444
5	12	27.866156775745
6	12	96.2356699213804
7	12	199.643390349699
8	12	165.736440728224
9	12	113.382411844093
10	12	228.002645748394
11	12	58.8911596128894
12	12	95.8245747569836
13	12	126.870166059635
14	12	75.8051911625582
15	12	53.4876953747737
16	12	100.494758168055
17	12	221.76866071457
18	12	59.8324744709995
19	12	122.196129142097
20	12	171.752321900161
21	12	67.742150961854
22	12	41.9104994064861
23	12	127.617697694257
24	12	72.2653150155388
25	12	58.68216918887
26	12	107.792282784858
27	12	56.7144773010194
28	12	58.4052510993315
29	12	39.5149677366537
30	12	3.52322668129283
31	12	69.3098983026848
32	12	58.9483133136469
33	12	67.9509741910803
34	12	107.69907982351
35	12	52.9935975569501
36	12	70.5093788041
37	12	5.15817201771912
38	12	2.5773419087942
39	12	47.6730839760001
40	12	83.5328880435671
41	12	53.0904245187267
42	12	3.16035335148828
43	12	2.85036361681593
44	12	3.61254503552795
45	12	38.1779838935195
1	13	274.001235411905
2	13	249.467185013097
3	13	70.373592353381
4	13	545.909645521682
5	13	54.8839643800212
6	13	233.408050490501
7	13	120.587012596052
8	13	155.133280653951
9	13	145.664457933097
10	13	499.890301702736
11	13	268.603599727755
12	13	422.914700999676
13	13	314.238937207784
14	13	542.936908488704
15	13	113.855547556976
16	13	108.68681657085
17	13	295.876828475577
18	13	369.948354082272
19	13	284.232286814794
20	13	385.109916748099
21	13	215.731709446388
22	13	253.11860705191
23	13	352.038809449656
24	13	210.666952021236
25	13	162.55927523033
26	13	130.998069926035
27	13	444.887677502538
28	13	333.205663263308
29	13	104.247338781733
30	13	74.9020812273447
31	13	291.849218850006
32	13	193.405850315255
33	13	29.8102331120445
34	13	144.078241369165
35	13	350.348874895991
36	13	82.7991757999608
37	13	87.2382641551785
38	13	48.3283580786879
39	13	499.155667138687
40	13	135.951377255081
41	13	262.728736746683
42	13	93.0574634027218
43	13	103.778942517298
44	13	30.8675774023748
45	13	165.655647798502
1	14	149.402077112508
2	14	217.615192719108
3	14	56.1767700888554
4	14	300.326555442751
5	14	47.5357841463493
6	14	258.385603747349
7	14	124.366420682424
8	14	127.168043202377
9	14	90.1209198000619
10	14	348.986280066303
11	14	230.980942193322
12	14	208.677396354387
13	14	297.138894114419
14	14	284.162239272257
15	14	141.977898433068
16	14	110.86435356291
17	14	289.985885724963
18	14	255.952556691512
19	14	240.912606678959
20	14	321.671582512353
21	14	191.328022694388
22	14	186.151061831282
23	14	368.744830480955
24	14	177.071270976988
25	14	154.733946124881
26	14	140.442190027586
27	14	292.527261954986
28	14	192.137983124453
29	14	114.713046823386
30	14	14.5251440385097
31	14	154.802404049508
32	14	143.701729850937
33	14	13.9274485242117
34	14	103.760692014092
35	14	401.670313989274
36	14	24.1561660031481
37	14	14.4254784360131
38	14	14.3880172824543
39	14	245.108473480046
40	14	169.772514613416
41	14	188.661012839981
42	14	18.9228803566402
43	14	24.25250128231
44	14	11.8347726894589
45	14	141.129399340667
1	15	-1
2	15	-1
3	15	-1
4	15	-1
5	15	-1
6	15	-1
7	15	-1
8	15	-1
9	15	-1
10	15	-1
11	15	-1
12	15	-1
13	15	-1
14	15	-1
15	15	-1
16	15	-1
17	15	-1
18	15	-1
19	15	-1
20	15	-1
21	15	-1
22	15	-1
23	15	-1
24	15	-1
25	15	-1
26	15	-1
27	15	-1
28	15	-1
29	15	-1
30	15	-1
31	15	-1
32	15	-1
33	15	-1
34	15	-1
35	15	-1
36	15	-1
37	15	-1
38	15	-1
39	15	-1
40	15	-1
41	15	-1
42	15	-1
43	15	-1
44	15	-1
45	15	-1
1	16	397.373478969019
2	16	360.93402541951
3	16	191.119350748234
4	16	358.164603861993
5	16	167.750668880531
6	16	484.960054608777
7	16	338.884209404126
8	16	298.025967302438
9	16	287.227840039559
10	16	703.595059723517
11	16	271.333107686304
12	16	169.207891495881
13	16	405.55889998895
14	16	838.314764020068
15	16	358.086662020617
16	16	328.98229067552
17	16	355.745447447673
18	16	287.926148887361
19	16	632.886952757494
20	16	643.765592409692
21	16	131.847201184061
22	16	410.985810748479
23	16	572.029751986151
24	16	331.093890650769
25	16	309.644634057385
26	16	297.300461952743
27	16	551.68326149343
28	16	155.179241253706
29	16	159.545781667272
30	16	28.7114434766175
31	16	153.794124051055
32	16	279.379775955795
33	16	22.1892527698873
34	16	313.218656407146
35	16	279.396164902353
36	16	30.0655310805
37	16	35.0633952373285
38	16	20.6477867235378
39	16	497.355560139971
40	16	247.352557657537
41	16	418.392080812638
42	16	26.5047472599638
43	16	48.7270747245538
44	16	26.4999255224311
45	16	322.989809753563
1	17	91.984705439854
2	17	158.357527205834
3	17	38.1165881466312
4	17	136.356558808528
5	17	36.7736121879843
6	17	152.735518795066
7	17	80.7832516749379
8	17	70.9685035585855
9	17	70.3465475035332
10	17	240.15522815655
11	17	134.959212752282
12	17	149.414127372517
13	17	131.925936780122
14	17	214.089568727548
15	17	93.4552683831882
16	17	116.220443744803
17	17	193.300796182372
18	17	191.59593000224
19	17	217.086334563858
20	17	200.977647445798
21	17	87.3425393970384
22	17	111.151973675081
23	17	338.404935588665
24	17	136.536712788272
25	17	113.475654776087
26	17	77.4889385968678
27	17	173.718136904766
28	17	135.052512134787
29	17	79.4864527783176
30	17	9.25979945320594
31	17	85.567558714878
32	17	102.068424398443
33	17	8.53981573892683
34	17	72.71351424608
35	17	241.338914030457
36	17	15.2230293418854
37	17	7.59563720719062
38	17	8.51006094244707
39	17	137.353125034055
40	17	109.649756189402
41	17	151.205762762621
42	17	9.51334384219927
43	17	20.4926961774521
44	17	9.16206161452699
45	17	111.934227493398
1	18	264.112265806533
2	18	330.714139064008
3	18	94.5600850955188
4	18	346.817548321328
5	18	70.4967654497273
6	18	385.778351797377
7	18	159.139496448178
8	18	192.418054111998
9	18	161.93626376155
10	18	629.320714886101
11	18	391.991196857925
12	18	374.581661846571
13	18	596.537928616284
14	18	506.850683744927
15	18	244.648361226262
16	18	126.714437120539
17	18	269.307030754939
18	18	295.759734747427
19	18	317.177056598866
20	18	422.966229655204
21	18	211.675309999647
22	18	290.961598333141
23	18	412.588764948092
24	18	239.732441427151
25	18	244.275936303778
26	18	94.6946119839156
27	18	351.222248716566
28	18	287.31639171812
29	18	133.554311548739
30	18	16.7319675180447
31	18	190.173511665708
32	18	228.986259942946
33	18	16.2380556555412
34	18	173.348031916436
35	18	213.401802239006
36	18	14.7130634594752
37	18	22.3126071009585
38	18	15.1762702406339
39	18	386.510799884935
40	18	136.837749124197
41	18	252.383285810112
42	18	16.4479631550369
43	18	60.2578353970094
44	18	14.221038326476
45	18	229.025273486604
1	19	34.6698924815948
2	19	235.405360879071
3	19	70.5787438831016
4	19	153.596238862573
5	19	180.415407251571
6	19	129.260152105205
7	19	175.017924266411
8	19	77.0590269172507
9	19	34.5832473189737
10	19	149.463259909811
11	19	79.9620759207203
12	19	138.26910099614
13	19	231.369191961808
14	19	95.304566962233
15	19	31.0743654436846
16	19	51.3296264727252
17	19	327.822195284529
18	19	132.871761483391
19	19	417.703779086599
20	19	138.505976750063
21	19	65.8325825495464
22	19	82.5008000788632
23	19	116.42874099789
24	19	109.655207255401
25	19	332.544295121166
26	19	31.078407523813
27	19	77.0939069943374
28	19	58.4576168500282
29	19	146.419165264366
30	19	-1
31	19	112.971680094078
32	19	39.7012557099448
33	19	-1
34	19	152.447890200976
35	19	490.424179691322
36	19	-1
37	19	-1
38	19	-1
39	19	248.929135068142
40	19	1203.61987314783
41	19	75.3244969955011
42	19	-1
43	19	-1
44	19	-1
45	19	25.8579124246315
1	20	80.3530915812844
2	20	78.2338482177114
3	20	41.6249647529131
4	20	122.355837872543
5	20	32.353604068244
6	20	215.251328811685
7	20	70.2387013946932
8	20	62.9615678182884
9	20	75.9063547008823
10	20	418.904114737795
11	20	203.616095374777
12	20	114.037585836401
13	20	103.374223711102
14	20	285.158239651158
15	20	65.9104959508491
16	20	70.580313895503
17	20	210.569206616212
18	20	180.060531676918
19	20	103.306747421132
20	20	106.363641133448
21	20	68.1624843089213
22	20	95.3765122865231
23	20	344.407719008405
24	20	83.0268727276324
25	20	71.651619202653
26	20	54.3246816845291
27	20	259.181841703595
28	20	95.7757864288584
29	20	48.1717222301478
30	20	7.08778210341163
31	20	90.4954840521598
32	20	58.0351540851099
33	20	46.6393500901063
34	20	52.2001173170793
35	20	385.644915969569
36	20	34.8088954984814
37	20	8.74562332974807
38	20	8.2882707253679
39	20	190.018212890555
40	20	58.7489580814427
41	20	84.7548944692676
42	20	13.1739900307646
43	20	6.51366516879967
44	20	11.137310998619
45	20	75.788024036932
1	21	91.326826668043
2	21	114.426156044267
3	21	21.3667471310994
4	21	78.2686237817895
5	21	16.472878377131
6	21	121.532598781086
7	21	43.7136255983452
8	21	52.1755768342507
9	21	38.3217581352533
10	21	116.398159191612
11	21	66.8175013433034
12	21	36.3782680508374
13	21	122.35893569413
14	21	120.819029779406
15	21	43.9928413606746
16	21	64.5114231582003
17	21	50.8890732563607
18	21	74.949102419581
19	21	75.5580119109389
20	21	167.847349600527
21	21	38.885084347577
22	21	72.2413478260067
23	21	139.843770524725
24	21	68.9787785419913
25	21	48.2149452637426
26	21	60.1238662344259
27	21	72.8810649852012
28	21	49.5590713300561
29	21	48.818321410084
30	21	31.4817970016723
31	21	43.8894844530374
32	21	58.2922845528688
33	21	5.68998997250378
34	21	40.9782655008134
35	21	46.7703490065512
36	21	4.80166922946042
37	21	21.3339302338117
38	21	13.3095419350343
39	21	106.81277193836
40	21	87.7610294434433
41	21	75.0319800366957
42	21	15.4434164236725
43	21	19.9801847859344
44	21	13.8495919315218
45	21	35.2919615911723
1	22	131.965358814806
2	22	204.45309763778
3	22	74.067924136811
4	22	211.877053085904
5	22	55.4604390995134
6	22	251.092184686237
7	22	148.313442411248
8	22	101.091049240437
9	22	77.7694950240585
10	22	351.684264795362
11	22	165.651043549274
12	22	146.314764449462
13	22	174.138576144564
14	22	305.813851613045
15	22	97.8607823865421
16	22	105.645816138278
17	22	304.211037051351
18	22	195.704566988467
19	22	164.314262059727
20	22	245.719914571568
21	22	121.696203394391
22	22	131.775748635736
23	22	339.620380501455
24	22	149.161003194156
25	22	126.592832743317
26	22	81.4392260906732
27	22	233.905945998605
28	22	181.348004285855
29	22	69.5175266317963
30	22	16.6761849310221
31	22	101.37987194783
32	22	112.50403986269
33	22	20.6877084572563
34	22	83.4891697305221
35	22	333.783357935662
36	22	93.9765509907719
37	22	12.3943890131774
38	22	17.9746450206273
39	22	185.955580648043
40	22	99.782234318797
41	22	139.112308549871
42	22	43.0477562490435
43	22	26.9824864638282
44	22	63.0360491347207
45	22	133.106710426711
1	23	289.077179638234
2	23	414.904149527714
3	23	204.820520098718
4	23	555.524753884744
5	23	73.678735849929
6	23	377.265697458776
7	23	288.638214425069
8	23	223.534130998527
9	23	158.782388244584
10	23	846.255378205991
11	23	329.226767732276
12	23	431.786426618187
13	23	342.38676134946
14	23	552.563116548392
15	23	280.451432425298
16	23	168.868787611408
17	23	164.258377652909
18	23	400.640659870528
19	23	380.776546190689
20	23	654.133163559796
21	23	330.099241831001
22	23	340.461875194286
23	23	645.2823924195
24	23	448.093139462409
25	23	202.024153451589
26	23	188.861715376654
27	23	454.17246907341
28	23	355.759513931709
29	23	307.61618755739
30	23	2.76306248519446
31	23	183.83435540443
32	23	175.649867233743
33	23	226.958017323363
34	23	169.092332269492
35	23	640.492506878763
36	23	230.214598137262
37	23	2.75974068988502
38	23	3.51696005387199
39	23	261.962885737227
40	23	224.73341620246
41	23	215.696428857744
42	23	3.38917893428902
43	23	5.31531946645921
44	23	1.66911625239371
45	23	325.973147572122
1	24	165.61123224122
2	24	254.704965428169
3	24	80.5560971675524
4	24	242.428410573485
5	24	35.9005690640749
6	24	142.704925195698
7	24	81.3910680743682
8	24	104.995279538724
9	24	55.0615297032137
10	24	463.38667284568
11	24	167.960949791054
12	24	276.883722037273
13	24	202.14226566684
14	24	226.778882924865
15	24	103.963487906995
16	24	53.9062089077109
17	24	72.5788137756498
18	24	156.023854640628
19	24	138.033254947764
20	24	158.73142626394
21	24	247.599625582251
22	24	124.325106264696
23	24	181.608838279482
24	24	136.796200067706
25	24	58.728625901356
26	24	53.0099455501871
27	24	199.538879829277
28	24	190.95644072792
29	24	89.0371380215581
30	24	5.88076507780582
31	24	99.4505212544491
32	24	70.3240081669109
33	24	-1
34	24	75.7192970465034
35	24	295.309535215319
36	24	334.417722152023
37	24	3.16374465628959
38	24	2.06928492060246
39	24	136.354070738417
40	24	59.7017745707755
41	24	95.5889421685793
42	24	17.1823431535271
43	24	-1
44	24	2.10647387740177
45	24	115.273866169755
1	25	126.262816468989
2	25	191.363863084045
3	25	63.5010663078399
4	25	170.273944919035
5	25	47.3792267223599
6	25	200.816417632636
7	25	122.693327491514
8	25	88.1106944003686
9	25	76.0122912344237
10	25	232.286208451952
11	25	135.885708044351
12	25	199.296266334185
13	25	206.11765522708
14	25	214.425687889577
15	25	124.280291574394
16	25	97.8829144126302
17	25	100.122076926183
18	25	184.421167189913
19	25	184.220258589093
20	25	223.520789464593
21	25	178.415561985405
22	25	111.342062709309
23	25	237.588602041855
24	25	153.130330879368
25	25	88.6177723149025
26	25	90.3994267815175
27	25	157.564132414826
28	25	190.344062448218
29	25	76.2312972692612
30	25	2.05179853426512
31	25	107.284986854855
32	25	88.971193025618
33	25	3.84783123518869
34	25	80.6063541392877
35	25	171.625204699129
36	25	2.52501204972959
37	25	2.328186116466
38	25	2.35694620340312
39	25	93.1259759468243
40	25	86.8644290931524
41	25	123.849302240239
42	25	3.4028572394504
43	25	7.13672143108375
44	25	1.62209311006915
45	25	103.057767150564
1	26	82.4558831309799
2	26	95.8202259843823
3	26	42.1539727362503
4	26	190.419096913527
5	26	25.4099629799994
6	26	106.654310445749
7	26	31.5382332122164
8	26	77.6619840501351
9	26	50.8027848874272
10	26	211.492905444926
11	26	116.064148262383
12	26	150.005028651782
13	26	117.272422120663
14	26	135.099076514064
15	26	61.1922488911839
16	26	27.275044706862
17	26	94.407425299243
18	26	132.532039008725
19	26	84.8776843223222
20	26	157.203430060284
21	26	120.340012452218
22	26	85.2178330023596
23	26	155.258734588051
24	26	86.6933860442004
25	26	52.1159304186432
26	26	41.1918620517666
27	26	126.972213973941
28	26	139.548062879398
29	26	53.8624283567972
30	26	0.50092948647646
31	26	75.1147925020453
32	26	60.604726577018
33	26	16.6441198067587
34	26	54.5603053762467
35	26	177.076685082663
36	26	12.337828254685
37	26	2.89724949339426
38	26	1.27918088377668
39	26	104.85537585399
40	26	50.3811973475135
41	26	74.4644926112929
42	26	1.1129599810759
43	26	1.3660659487313
44	26	6.23330278816386
45	26	80.5177241078932
1	27	18.9250345107343
2	27	23.2141087658131
3	27	8.74299809193198
4	27	28.1103132597586
5	27	6.23400485523951
6	27	21.114670372385
7	27	9.24968949707763
8	27	13.5715290085713
9	27	11.2509103653122
10	27	53.7498498880789
11	27	23.3379020933214
12	27	26.253463641708
13	27	38.1428003814836
14	27	28.9222150827928
15	27	19.1659966152859
16	27	10.7537339666128
17	27	17.7453720844532
18	27	34.6721655727357
19	27	30.569284458184
20	27	25.3163974393595
21	27	18.6325201107535
22	27	25.5334147300554
23	27	41.0805209070534
24	27	19.8245802950809
25	27	16.5682574022193
26	27	11.0221013376656
27	27	29.656685497871
28	27	19.6761726555064
29	27	20.1102621704551
30	27	0.898815652986259
31	27	15.1401708965475
32	27	15.6642118339069
33	27	-1
34	27	10.0004954894878
35	27	17.8552577965718
36	27	-1
37	27	0.964296855652993
38	27	0.741574231787892
39	27	19.1090336311966
40	27	11.6797830639674
41	27	18.3339351743526
42	27	1.85689714570014
43	27	-1
44	27	0.569213903571157
45	27	17.3302288773522
1	28	7.60033898951667
2	28	10.2278237848543
3	28	3.41874081442422
4	28	11.6745724499572
5	28	3.03503868290047
6	28	7.58323026657808
7	28	5.71868207986556
8	28	6.12965859762892
9	28	4.77354610218749
10	28	16.6392272955548
11	28	10.689171026858
12	28	11.0095854909446
13	28	16.6613324522716
14	28	15.8025130554395
15	28	8.48281846665683
16	28	7.69234945354056
17	28	16.3990152936988
18	28	16.2495879709969
19	28	11.5797828510683
20	28	12.4186414301617
21	28	10.260908499639
22	28	11.8029643254084
23	28	14.0360831452279
24	28	8.7274448798714
25	28	8.09790238741535
26	28	6.39915948548635
27	28	12.6637006423204
28	28	8.03630777549771
29	28	9.39215269858151
30	28	2.92809648448763
31	28	9.52920672691249
32	28	8.4748717207076
33	28	-1
34	28	4.52631811483678
35	28	9.8870152364865
36	28	-1
37	28	3.23820882608644
38	28	2.5436189284242
39	28	11.0305225304982
40	28	4.92772214562425
41	28	7.19724770716522
42	28	1.45219084230324
43	28	4.0173423431336
44	28	4.50535433365319
45	28	9.12351687202522
1	29	55.328116103006
2	29	79.6369591182569
3	29	23.9816388774939
4	29	104.612259280081
5	29	20.3817408778559
6	29	62.5885064734633
7	29	23.8564037468175
8	29	43.0968735516573
9	29	26.0505642756852
10	29	147.49343877717
11	29	100.530278789416
12	29	86.8990203913758
13	29	71.695138275996
14	29	150.173069829019
15	29	43.1614958311109
16	29	25.982594081571
17	29	38.1496788857006
18	29	111.436466830987
19	29	63.3915008488318
20	29	108.972549599083
21	29	51.482473763706
22	29	79.1468549619794
23	29	120.858839957071
24	29	70.3029448932156
25	29	46.5054188955717
26	29	36.0359732765801
27	29	109.495705722183
28	29	65.8337229282893
29	29	49.9098968544363
30	29	2.77583205340201
31	29	46.4201746784535
32	29	37.6614109729092
33	29	-1
34	29	38.1008583226813
35	29	141.092453660494
36	29	-1
37	29	-1
38	29	2.68854950716119
39	29	69.207351553658
40	29	35.8506881627444
41	29	50.9820424276868
42	29	-1
43	29	-1
44	29	-1
45	29	70.4727357998576
1	30	39.1639059051011
2	30	49.1654947372836
3	30	16.2554182010144
4	30	83.0140307086382
5	30	9.76841345438897
6	30	54.1475803194701
7	30	12.660425894975
8	30	24.9934410640278
9	30	17.6980806493412
10	30	126.85033450293
11	30	69.4158561625895
12	30	69.2205940528045
13	30	44.2422378039536
14	30	63.636009260953
15	30	39.4171672852523
16	30	16.1043324789426
17	30	26.7796111518727
18	30	73.0409695404339
19	30	47.8814910701458
20	30	63.6073873275137
21	30	55.8238722652199
22	30	52.7168263125425
23	30	88.8369833303172
24	30	45.6603597588738
25	30	26.2764496164985
26	30	24.0199164655527
27	30	58.7618375508638
28	30	43.2152137383414
29	30	33.2221239796918
30	30	-1
31	30	35.2220142237486
32	30	27.4949487624558
33	30	-1
34	30	21.5926343248441
35	30	67.2687837973477
36	30	-1
37	30	-1
38	30	-1
39	30	45.3369514615589
40	30	27.9184966192349
41	30	28.7509844239
42	30	-1
43	30	-1
44	30	-1
45	30	33.0048808213979
1	31	83.254011246756
2	31	73.2772609638328
3	31	21.562672579788
4	31	140.147111496837
5	31	14.7377379896842
6	31	49.2849414144764
7	31	69.23551301938
8	31	43.5013501018352
9	31	29.6685411294861
10	31	158.96110624457
11	31	59.8086515155848
12	31	100.587187954767
13	31	92.0996910414053
14	31	135.976111425912
15	31	45.6122501285777
16	31	34.3699982889739
17	31	46.5356188293517
18	31	97.268987085112
19	31	75.4138696281039
20	31	57.3791241403579
21	31	91.6900764759503
22	31	68.0415782666075
23	31	65.8681237424965
24	31	65.5664043019275
25	31	29.8913186789977
26	31	27.1449972100603
27	31	87.5577406379121
28	31	67.109603538339
29	31	43.4180050088557
30	31	7.41411474591783
31	31	54.5351638033583
32	31	46.4057239850768
33	31	6.87663097983216
34	31	35.9863855916021
35	31	111.40922691707
36	31	13.3550066071326
37	31	12.7610697309792
38	31	4.57193208430153
39	31	103.051580939338
40	31	22.5661528943618
41	31	65.6775658153194
42	31	10.3733204773021
43	31	2.85989761700142
44	31	1.4800647660355
45	31	65.167716100514
1	32	140.091450777624
2	32	160.006637605152
3	32	101.825105079179
4	32	202.322998524384
5	32	50.6527656123191
6	32	162.333582772424
7	32	99.4034868128479
8	32	92.9854474946272
9	32	83.0638837269824
10	32	258.961303369944
11	32	134.186809863021
12	32	154.792163123806
13	32	151.634997260758
14	32	209.059417272815
15	32	69.3342964140992
16	32	73.8989725298733
17	32	87.5198520494862
18	32	120.922842863428
19	32	136.147759924471
20	32	205.953570634917
21	32	107.653908300207
22	32	89.5348528621874
23	32	151.70241824739
24	32	126.885934554699
25	32	55.4732038298962
26	32	78.152229872989
27	32	132.709154149895
28	32	177.884361728585
29	32	69.2264760655134
30	32	16.0222787167035
31	32	96.3918012700176
32	32	76.0985081508596
33	32	35.2285328962052
34	32	96.6164035891104
35	32	137.625736294225
36	32	71.9801478089352
37	32	28.6112161617519
38	32	19.184227353949
39	32	85.1717959416176
40	32	79.3250662336769
41	32	93.268789922658
42	32	16.7337658461968
43	32	26.115023211501
44	32	16.3044984928657
45	32	88.6525349930245
1	33	132.440735274994
2	33	191.723422917541
3	33	62.1708323871167
4	33	228.478725529361
5	33	29.6524802808403
6	33	123.650832314575
7	33	70.5007085545924
8	33	97.3416108385237
9	33	44.8754945500072
10	33	391.839089159858
11	33	130.833554174588
12	33	199.064554097395
13	33	182.565283024483
14	33	207.137089387681
15	33	81.2918400380639
16	33	42.0762171825645
17	33	74.3854185380179
18	33	150.45598320309
19	33	120.99297550733
20	33	165.00388203401
21	33	175.275317416414
22	33	99.3450096779081
23	33	190.93778540396
24	33	123.091557193394
25	33	54.7292500147361
26	33	52.088073134532
27	33	179.254503680194
28	33	162.729989229515
29	33	74.483334251427
30	33	36.396067809328
31	33	85.3478097994414
32	33	71.1297724326807
33	33	-1
34	33	70.2020749631677
35	33	249.411488870323
36	33	642.730720991441
37	33	6.86763074562924
38	33	1.988331843771
39	33	102.573938254379
40	33	52.3870209509351
41	33	95.1782296050249
42	33	22.1156620654313
43	33	10.6502097398037
44	33	3.57172302584724
45	33	91.2178291622565
1	34	133.729146077993
2	34	165.373177046166
3	34	63.1211482030135
4	34	271.283602318395
5	34	43.4524816766561
6	34	194.114698543891
7	34	79.8882857273382
8	34	96.9520783127025
9	34	68.2852271137485
10	34	490.827004607666
11	34	224.687721792142
12	34	257.566951108275
13	34	198.973236969171
14	34	268.115036497616
15	34	150.701461632788
16	34	63.0322356563235
17	34	142.73290588972
18	34	234.71329391036
19	34	186.799224748123
20	34	224.675550254432
21	34	179.821350249579
22	34	219.347008389986
23	34	254.591931281603
24	34	201.77067382642
25	34	131.156994203902
26	34	92.8743638213453
27	34	245.823801758303
28	34	187.8709016082
29	34	147.100019711628
30	34	-1
31	34	140.992332348081
32	34	120.990068898655
33	34	-1
34	34	98.6668191297425
35	34	372.069685080379
36	34	-1
37	34	-1
38	34	3.06377767168467
39	34	169.98428162804
40	34	91.604281118179
41	34	138.614088345424
42	34	-1
43	34	-1
44	34	-1
45	34	176.069825090531
1	35	29.5235218437183
2	35	44.2638789307946
3	35	21.932434943235
4	35	52.1943219075152
5	35	18.635342912959
6	35	43.6261383568063
7	35	10.8804502520741
8	35	24.1817835899378
9	35	21.3802618679276
10	35	105.261114860775
11	35	53.9579377278021
12	35	34.845298379048
13	35	42.8742229891213
14	35	46.1633031710861
15	35	34.4393064578343
16	35	14.0930256533666
17	35	28.3772352456202
18	35	54.6041072894239
19	35	44.024099585294
20	35	69.805705992647
21	35	33.1476877651821
22	35	56.6646634398036
23	35	66.7167353458678
24	35	40.1878746882907
25	35	31.6042806212961
26	35	26.2080820837133
27	35	52.7124199584557
28	35	35.0256611381475
29	35	35.8378917867487
30	35	-1
31	35	24.4668019264736
32	35	27.1103408857252
33	35	-1
34	35	24.0847496812431
35	35	46.9860337785183
36	35	-1
37	35	-1
38	35	-1
39	35	27.1096163023165
40	35	24.6779588487941
41	35	27.7487860464805
42	35	-1
43	35	-1
44	35	-1
45	35	38.0314899882121
1	36	36.3357716367262
2	36	65.3161994917879
3	36	21.6856556005648
4	36	85.9705204931638
5	36	19.2483723473481
6	36	91.4097203949326
7	36	86.0730690251216
8	36	28.3565907584981
9	36	31.9085924747315
10	36	122.709761725043
11	36	68.6438832729968
12	36	93.0566754662811
13	36	118.530590887198
14	36	94.1217073145951
15	36	35.6677819921305
16	36	69.8530322163263
17	36	128.38330314176
18	36	54.9438792323654
19	36	52.3249096901174
20	36	79.1851624847042
21	36	47.3205009728339
22	36	46.5471586311009
23	36	75.9389642662506
24	36	60.2743646406499
25	36	30.9441643094576
26	36	31.3375652903955
27	36	70.6689865331783
28	36	56.9308499797362
29	36	35.9684305091946
30	36	-1
31	36	47.5783052140374
32	36	42.239927918814
33	36	-1
34	36	27.9697072956694
35	36	112.128365808549
36	36	-1
37	36	-1
38	36	-1
39	36	63.9480971215406
40	36	27.9469799628472
41	36	37.8562866579137
42	36	-1
43	36	-1
44	36	-1
45	36	42.9261532909078
1	37	37.370029453416
2	37	129.754346094072
3	37	-1
4	37	76.1601075136137
5	37	-1
6	37	78.992920998032
7	37	-1
8	37	74.3099632486126
9	37	-1
10	37	90.0912558097959
11	37	82.1719420773343
12	37	-1
13	37	53.303150882882
14	37	-1
15	37	Inf
16	37	-1
17	37	-1
18	37	-1
19	37	42.7775723235036
20	37	90.3777106224761
21	37	-1
22	37	-1
23	37	-1
24	37	36.6911016048232
25	37	44.197280023738
26	37	-1
27	37	50.4030301466415
28	37	91.7190947196385
29	37	-1
30	37	-1
31	37	37.2441022194496
32	37	38.6916349648267
33	37	-1
34	37	72.3245135918724
35	37	-1
36	37	-1
37	37	-1
38	37	-1
39	37	-1
40	37	104.585698578
41	37	-1
42	37	-1
43	37	-1
44	37	-1
45	37	-1
1	38	2039.85762483089
2	38	2430.57588999632
3	38	4595.34865091553
4	38	1879.5424338202
5	38	683.776731997582
6	38	1861.33749889735
7	38	2154.21360764711
8	38	638.261370580587
9	38	1869.65144344738
10	38	2775.04977554346
11	38	1377.61813025013
12	38	759.690986273549
13	38	2183.21680745094
14	38	3820.18873665579
15	38	563.339496362441
16	38	704.171890589889
17	38	1896.54662563248
18	38	946.748673196801
19	38	1732.48245721386
20	38	4337.0694745137
21	38	1516.05262922997
22	38	1323.62624740579
23	38	1161.29249182669
24	38	603.195266257007
25	38	1145.93593582113
26	38	3842.03482412657
27	38	1632.72495739367
28	38	927.537156658789
29	38	1234.57435916545
30	38	599.603629256668
31	38	1881.97746420735
32	38	627.020219210002
33	38	3710.50159082264
34	38	900.007139279459
35	38	1774.28401853298
36	38	3356.0455411527
37	38	1330.85588296554
38	38	1358.80693343609
39	38	1424.6105309314
40	38	1895.80151100084
41	38	1240.99290698611
42	38	1555.8298375147
43	38	685.323085883202
44	38	1033.24363966797
45	38	573.698697808814
1	39	-1
2	39	-1
3	39	-1
4	39	Inf
5	39	-1
6	39	-1
7	39	-1
8	39	-1
9	39	-1
10	39	-1
11	39	-1
12	39	-1
13	39	-1
14	39	-1
15	39	-1
16	39	-1
17	39	-1
18	39	-1
19	39	1.20505031996154
20	39	-1
21	39	-1
22	39	-1
23	39	-1
24	39	-1
25	39	-1
26	39	-1
27	39	-1
28	39	-1
29	39	-1
30	39	-1
31	39	-1
32	39	-1
33	39	-1
34	39	-1
35	39	-1
36	39	-1
37	39	-1
38	39	-1
39	39	-1
40	39	-1
41	39	-1
42	39	-1
43	39	-1
44	39	-1
45	39	-1
1	40	481.852821106256
2	40	553.398183799792
3	40	131.755965026189
4	40	739.297984269272
5	40	114.971332730016
6	40	444.456505235931
7	40	417.659364506418
8	40	199.253146455816
9	40	181.224427357856
10	40	721.735968543898
11	40	324.159607460253
12	40	344.472386835896
13	40	652.969359986803
14	40	688.840365777879
15	40	208.957308896579
16	40	338.052070139597
17	40	405.870057656191
18	40	566.023929694954
19	40	405.324079472578
20	40	643.190961461435
21	40	268.360149786026
22	40	374.228416476977
23	40	546.335406470893
24	40	401.641331758404
25	40	288.131263449704
26	40	334.296383538098
27	40	699.712113080014
28	40	497.755406263853
29	40	200.912368050005
30	40	170.50027065719
31	40	338.876198179432
32	40	455.88837753145
33	40	54.9791941559202
34	40	317.667678458106
35	40	512.314616628584
36	40	85.3325942108751
37	40	166.106288671481
38	40	103.829670427765
39	40	478.221277481508
40	40	256.945027849783
41	40	419.241859826553
42	40	114.273388080581
43	40	125.807884074179
44	40	105.726414556302
45	40	238.829836636993
1	41	44.4851467172582
2	41	116.201195564737
3	41	28.3619682937308
4	41	62.3437803756534
5	41	26.1869172546439
6	41	103.156800861915
7	41	76.29963528252
8	41	62.870144810239
9	41	33.6279150070343
10	41	392.391505652537
11	41	54.9114828854376
12	41	40.8291262270836
13	41	144.055683316236
14	41	175.53130788055
15	41	50.6247125055347
16	41	81.603392983072
17	41	4.26736229826934
18	41	36.9100608245664
19	41	112.450088878994
20	41	403.802183311276
21	41	144.819709115466
22	41	70.5946183089486
23	41	90.532197928517
24	41	56.9632562752608
25	41	311.329983256418
26	41	65.5568765948352
27	41	86.6651569665326
28	41	102.517240868192
29	41	48.3136384180752
30	41	-1
31	41	77.5066775864031
32	41	145.639690954604
33	41	8.23538247528276
34	41	38.6194368851671
35	41	94.3538917200124
36	41	-1
37	41	-1
38	41	-1
39	41	89.4819466502731
40	41	16.3551709074554
41	41	86.0501831032418
42	41	-1
43	41	-1
44	41	-1
45	41	130.769429683611
1	42	74.9988149207131
2	42	81.0710867322309
3	42	83.0838972173266
4	42	92.4649893760764
5	42	31.7391075547561
6	42	76.4778980678167
7	42	78.8747267137049
8	42	49.7773994279287
9	42	48.224151650567
10	42	87.766734461185
11	42	51.9684499245392
12	42	60.143084796516
13	42	60.0641874002057
14	42	92.7569557310138
15	42	41.9855356183092
16	42	39.4197496351504
17	42	49.8563634394303
18	42	62.8505617481144
19	42	60.3822852314926
20	42	66.6130447808272
21	42	52.1029770711969
22	42	68.1752066472087
23	42	107.286447027219
24	42	50.3327014422483
25	42	50.6192825790906
26	42	34.0580634323548
27	42	88.4151965832823
28	42	62.2640463644854
29	42	35.5675563358405
30	42	1.78124390270856
31	42	49.2740814968537
32	42	58.2492867411978
33	42	2.18113593354462
34	42	41.9383513825644
35	42	121.610955297097
36	42	2.56976853489021
37	42	2.3592268229368
38	42	2.17871723996354
39	42	41.9026469104542
40	42	35.8326806030784
41	42	46.4540473898393
42	42	2.5579556055188
43	42	2.93626679414272
44	42	2.18715708352633
45	42	38.0897798108701
1	43	-1
2	43	-1
3	43	-1
4	43	-1
5	43	-1
6	43	-1
7	43	-1
8	43	-1
9	43	-1
10	43	-1
11	43	-1
12	43	-1
13	43	-1
14	43	Inf
15	43	-1
16	43	-1
17	43	-1
18	43	-1
19	43	-1
20	43	-1
21	43	-1
22	43	-1
23	43	-1
24	43	-1
25	43	-1
26	43	-1
27	43	-1
28	43	-1
29	43	-1
30	43	-1
31	43	-1
32	43	-1
33	43	-1
34	43	-1
35	43	-1
36	43	-1
37	43	-1
38	43	-1
39	43	-1
40	43	-1
41	43	-1
42	43	-1
43	43	-1
44	43	-1
45	43	-1
1	44	93.3509561749809
2	44	160.537374252287
3	44	47.4134021310557
4	44	72.6878294990349
5	44	37.9813139951176
6	44	178.879929163572
7	44	59.4064379882653
8	44	58.1262577669626
9	44	60.7418848620459
10	44	226.699894882307
11	44	105.750410539763
12	44	157.303749482282
13	44	267.708394711028
14	44	99.5194406831208
15	44	65.7695759578132
16	44	80.2343134486321
17	44	191.532780888433
18	44	85.8615776919471
19	44	79.1026654897885
20	44	185.462075701705
21	44	59.291844458984
22	44	103.134591027698
23	44	313.971126285049
24	44	79.3135808446212
25	44	58.0422067874717
26	44	58.7277052876801
27	44	91.6523348835449
28	44	54.9655520746689
29	44	53.4977972113512
30	44	207.624418992482
31	44	75.6812584263667
32	44	74.8393417618229
33	44	485.540734727742
34	44	60.7111692294809
35	44	65.4071951811688
36	44	528.857609442448
37	44	202.381147904687
38	44	96.4845159753444
39	44	89.3580351025554
40	44	71.2287737977075
41	44	92.4919247435348
42	44	187.258397778762
43	44	-1
44	44	360.561841304156
45	44	58.2611587371474
1	45	2.33560960059753
2	45	5.12339648606585
3	45	-1
4	45	3.59919672546335
5	45	3.06108054987262
6	45	4.90235913167484
7	45	2.9816940181505
8	45	4.38683418490758
9	45	6.36271300173305
10	45	3.54753352299931
11	45	4.34348976947234
12	45	-1
13	45	2.19789747894808
14	45	-1
15	45	-1
16	45	2.3548980157718
17	45	2.5167299918137
18	45	3.99905262466383
19	45	-1
20	45	2.49262313454323
21	45	-1
22	45	-1
23	45	2.5053940148909
24	45	-1
25	45	-1
26	45	3.47223329554417
27	45	-1
28	45	4.93832363651092
29	45	-1
30	45	-1
31	45	3.2002403280711
32	45	2.07365528990176
33	45	-1
34	45	4.07070802879046
35	45	-1
36	45	-1
37	45	-1
38	45	-1
39	45	2.1587097458787
40	45	2.77185422640454
41	45	2.63029913834257
42	45	-1
43	45	-1
44	45	-1
45	45	4.37311541994
1	46	206.792879145478
2	46	375.361694636576
3	46	136.26234626355
4	46	330.596299331285
5	46	67.4049965765248
6	46	250.537348670291
7	46	253.103717446798
8	46	172.309305236525
9	46	94.7496803239814
10	46	487.825245900804
11	46	222.899532039875
12	46	271.933394354952
13	46	281.202050820852
14	46	298.596597490794
15	46	116.342329664938
16	46	216.902246945439
17	46	300.870435386845
18	46	280.994577628475
19	46	156.186092007177
20	46	324.00776583185
21	46	153.511765917808
22	46	156.937612706715
23	46	329.146704267044
24	46	156.677089000676
25	46	159.770933909947
26	46	97.3147827394452
27	46	383.435452695099
28	46	164.870513784775
29	46	97.9624262200625
30	46	93.4343298178606
31	46	179.153829581462
32	46	228.370627706498
33	46	25.5264029924675
34	46	139.559888002442
35	46	244.671969922489
36	46	36.0270353431856
37	46	93.4359487983517
38	46	62.6491791975822
39	46	358.220556137785
40	46	96.8158500332203
41	46	255.332386314457
42	46	76.3166272880124
43	46	126.301339843493
44	46	60.0816853442686
45	46	189.851758030185
1	47	68.7148036665531
2	47	144.067195327239
3	47	112.045249833094
4	47	139.811408946319
5	47	95.1980590466255
6	47	73.4572888840032
7	47	78.9637370330291
8	47	90.7913499752876
9	47	78.0708072031395
10	47	66.926631226824
11	47	60.2360793002596
12	47	87.3322727380871
13	47	183.798239410621
14	47	57.0681237535551
15	47	80.5364096810342
16	47	123.022489977205
17	47	134.99582283357
18	47	73.6294349573864
19	47	92.6967538741372
20	47	74.1656206408063
21	47	79.5864616614319
22	47	89.7807477167387
23	47	76.2371120211597
24	47	95.0002826003208
25	47	67.8634132944354
26	47	76.6004825902467
27	47	62.1734625314768
28	47	108.280495521469
29	47	88.9856127474351
30	47	-1
31	47	64.7285909651345
32	47	89.7660505972422
33	47	-1
34	47	96.9985266801005
35	47	115.16808424363
36	47	-1
37	47	-1
38	47	-1
39	47	-1
40	47	69.9149056274594
41	47	59.1714748875696
42	47	-1
43	47	-1
44	47	-1
45	47	165.467231209416
1	48	80.4430895345835
2	48	94.6958818324037
3	48	-1
4	48	175.136167035894
5	48	-1
6	48	129.771939081237
7	48	133.689732980433
8	48	-1
9	48	83.1916744491151
10	48	140.409591511892
11	48	-1
12	48	-1
13	48	75.2106804657128
14	48	-1
15	48	-1
16	48	115.822823340577
17	48	88.9641241756693
18	48	Inf
19	48	-1
20	48	153.062210752008
21	48	-1
22	48	-1
23	48	-1
24	48	-1
25	48	456.208379895159
26	48	88.0517271320859
27	48	-1
28	48	-1
29	48	560.634866267936
30	48	-1
31	48	-1
32	48	-1
33	48	-1
34	48	122.904008521794
35	48	-1
36	48	-1
37	48	-1
38	48	-1
39	48	-1
40	48	56.6046179115607
41	48	116.493403745721
42	48	-1
43	48	-1
44	48	-1
45	48	-1
1	49	136.054814541946
2	49	200.273707670964
3	49	5.07893928564777
4	49	103.611563469322
5	49	6.00955565042321
6	49	162.49382234158
7	49	5.61511258707461
8	49	60.4957267526824
9	49	6.67298876641411
10	49	224.232080453531
11	49	127.629101620362
12	49	6.70561900909125
13	49	119.267958544994
14	49	151.031122262322
15	49	145.339803536769
16	49	5.77815547386137
17	49	6.72648556987466
18	49	198.798875497505
19	49	98.6324387767462
20	49	218.646052990792
21	49	145.872182154899
22	49	8.16996948618307
23	49	279.621527233231
24	49	102.953259913974
25	49	166.669959030948
26	49	82.7335986794042
27	49	137.695336387727
28	49	164.959555241388
29	49	8.81944230973469
30	49	11.8879558813537
31	49	141.426644840906
32	49	84.7960968029647
33	49	44.2570930349932
34	49	93.6989153299962
35	49	7.56786862739646
36	49	124.373751034781
37	49	5.20057872621774
38	49	6.74540546777037
39	49	159.531904674568
40	49	5.49991416747109
41	49	138.666418638022
42	49	5.27402500816995
43	49	11.5086538304
44	49	7.4561976238077
45	49	6.64470186664009
1	50	-1
2	50	-1
3	50	-1
4	50	-1
5	50	-1
6	50	-1
7	50	-1
8	50	-1
9	50	-1
10	50	77.1336014373618
11	50	-1
12	50	-1
13	50	49.1152741165975
14	50	46.1220742862851
15	50	54.7705489315138
16	50	-1
17	50	-1
18	50	105.406046224388
19	50	37.3936580978843
20	50	75.6086407973758
21	50	-1
22	50	-1
23	50	203.9158278285
24	50	37.3396694807767
25	50	41.0452912569304
26	50	-1
27	50	57.9112810222578
28	50	-1
29	50	-1
30	50	-1
31	50	-1
32	50	-1
33	50	-1
34	50	-1
35	50	-1
36	50	-1
37	50	-1
38	50	-1
39	50	-1
40	50	-1
41	50	-1
42	50	-1
43	50	-1
44	50	-1
45	50	-1
1	51	-1
2	51	-1
3	51	-1
4	51	-1
5	51	-1
6	51	-1
7	51	-1
8	51	-1
9	51	-1
10	51	-1
11	51	-1
12	51	-1
13	51	-1
14	51	3.87079772729844
15	51	-1
16	51	-1
17	51	-1
18	51	-1
19	51	-1
20	51	-1
21	51	-1
22	51	-1
23	51	-1
24	51	-1
25	51	-1
26	51	-1
27	51	-1
28	51	-1
29	51	-1
30	51	-1
31	51	4.07381030655241
32	51	-1
33	51	-1
34	51	-1
35	51	-1
36	51	-1
37	51	-1
38	51	-1
39	51	-1
40	51	-1
41	51	-1
42	51	-1
43	51	-1
44	51	-1
45	51	-1
1	52	33.3531739153064
2	52	44.8246495312453
3	52	16.6391264229538
4	52	59.5243134689027
5	52	14.4025322952702
6	52	50.7376943651634
7	52	27.2468843063493
8	52	29.5324574847235
9	52	24.2368705685715
10	52	55.8700360196032
11	52	45.8815134247704
12	52	39.1233067606366
13	52	49.0125383713028
14	52	39.9163490495988
15	52	19.5519723493287
16	52	28.217063075374
17	52	39.6762819614827
18	52	36.1172387752536
19	52	20.2231857922382
20	52	49.3906580528958
21	52	37.5003753877178
22	52	36.2523141747256
23	52	44.0650350173275
24	52	24.1530882727552
25	52	24.4848240194126
26	52	26.5308487681739
27	52	44.3410051183931
28	52	33.6067246406452
29	52	13.7559374380265
30	52	0.764099070152738
31	52	14.5600429827094
32	52	27.691285695523
33	52	1.6818629060393
34	52	17.7566171770707
35	52	30.3419676061509
36	52	0.965294601206899
37	52	2.47395136424918
38	52	0.767023685579317
39	52	29.7631293708509
40	52	13.9891915326226
41	52	32.9985464835183
42	52	1.04818623881693
43	52	1.75466736865257
44	52	1.07350005137498
45	52	21.1195661703528
1	53	-1
2	53	-1
3	53	-1
4	53	-1
5	53	-1
6	53	-1
7	53	-1
8	53	-1
9	53	-1
10	53	-1
11	53	-1
12	53	-1
13	53	-1
14	53	-1
15	53	-1
16	53	-1
17	53	-1
18	53	-1
19	53	-1
20	53	-1
21	53	-1
22	53	-1
23	53	-1
24	53	-1
25	53	-1
26	53	-1
27	53	-1
28	53	-1
29	53	-1
30	53	-1
31	53	-1
32	53	-1
33	53	-1
34	53	-1
35	53	-1
36	53	-1
37	53	-1
38	53	-1
39	53	-1
40	53	-1
41	53	-1
42	53	-1
43	53	-1
44	53	-1
45	53	-1
1	54	6.1588915496178
2	54	6.27077660914715
3	54	5.66710745227441
4	54	6.5748309810546
5	54	7.02439009619967
6	54	9.81670236242713
7	54	5.31505030645236
8	54	6.83302978611214
9	54	6.69292161311762
10	54	15.3970503213155
11	54	17.1100048075556
12	54	6.82050704200719
13	54	6.04186362488701
14	54	9.08959167947403
15	54	6.34411291554976
16	54	5.74207838668035
17	54	5.90593521440634
18	54	8.79978527841634
19	54	5.90361217974112
20	54	11.8568990871318
21	54	7.68821926106557
22	54	6.51510339065846
23	54	16.568413925654
24	54	5.81853725609622
25	54	6.00203149049466
26	54	4.81418381485185
27	54	5.93783748314882
28	54	6.28912396449021
29	54	5.74152844955989
30	54	-1
31	54	6.20136034833995
32	54	5.7253395153877
33	54	-1
34	54	5.57497313489764
35	54	14.7191506408714
36	54	-1
37	54	-1
38	54	-1
39	54	6.08778141432967
40	54	6.34463162842763
41	54	6.16075724731949
42	54	-1
43	54	-1
44	54	-1
45	54	5.44061954128623
1	55	462.077924717918
2	55	584.366244877397
3	55	234.002357816497
4	55	649.962292676355
5	55	98.9446727732917
6	55	667.013241185058
7	55	285.466376688142
8	55	206.515101804902
9	55	237.031855220805
10	55	1168.88039730121
11	55	437.705955489945
12	55	517.028883992914
13	55	1047.81602809705
14	55	889.551454281719
15	55	352.631786475515
16	55	297.297619533586
17	55	354.268568237826
18	55	452.692064449499
19	55	684.863122600972
20	55	1067.40942457105
21	55	274.191350939731
22	55	596.304781331722
23	55	888.247612536008
24	55	656.060449295982
25	55	415.037233661575
26	55	345.400638858499
27	55	759.948692370551
28	55	317.020167773269
29	55	290.463315860579
30	55	-1
31	55	281.285263614304
32	55	471.102091678398
33	55	219.56082440455
34	55	336.849376604576
35	55	613.048617542289
36	55	185.185373518774
37	55	686.550125723719
38	55	1215.6234985606
39	55	675.926317543088
40	55	309.332319669961
41	55	596.669378923733
42	55	1920.27300859661
43	55	Inf
44	55	1011.73213704763
45	55	370.45151238188
1	56	120.999330556285
2	56	160.899774475405
3	56	91.1017986370982
4	56	271.942123646888
5	56	64.5287748993071
6	56	220.906107803031
7	56	872.899540067132
8	56	161.27969014737
9	56	131.673690672923
10	56	91.0005762320561
11	56	127.851900573797
12	56	33.8128733782974
13	56	218.179784056393
14	56	159.455192324322
15	56	94.900053041518
16	56	774.523245608582
17	56	333.769319481532
18	56	193.923083037838
19	56	162.043957041673
20	56	239.50801249296
21	56	54.1203861518328
22	56	158.450323986791
23	56	234.399839732413
24	56	120.095963016181
25	56	166.389999353427
26	56	141.963593534597
27	56	177.147208946168
28	56	23.0284738244571
29	56	121.241858048326
30	56	10.5372424082033
31	56	45.796653457986
32	56	278.397594460484
33	56	23.1982188613023
34	56	174.278389084155
35	56	41.8177591863652
36	56	58.3569379086614
37	56	20.4053532238006
38	56	16.9078627079056
39	56	129.632531010413
40	56	95.972005068217
41	56	581.933938119824
42	56	28.0683973411199
43	56	16.3146051874361
44	56	66.7675600665578
45	56	151.428951002328
1	57	-1
2	57	-1
3	57	-1
4	57	-1
5	57	-1
6	57	-1
7	57	-1
8	57	-1
9	57	-1
10	57	-1
11	57	-1
12	57	-1
13	57	-1
14	57	-1
15	57	-1
16	57	-1
17	57	-1
18	57	-1
19	57	-1
20	57	-1
21	57	-1
22	57	-1
23	57	-1
24	57	-1
25	57	-1
26	57	-1
27	57	-1
28	57	-1
29	57	-1
30	57	-1
31	57	-1
32	57	-1
33	57	-1
34	57	-1
35	57	-1
36	57	-1
37	57	-1
38	57	-1
39	57	-1
40	57	-1
41	57	-1
42	57	-1
43	57	-1
44	57	-1
45	57	-1
1	58	121.034142146842
2	58	592.527751667421
3	58	-1
4	58	217.859529755274
5	58	54.7406703399295
6	58	116.378062139133
7	58	74.2416537845698
8	58	125.587861082141
9	58	-1
10	58	140.201291760949
11	58	155.702492952887
12	58	139.847688646535
13	58	221.101564811271
14	58	309.993929167864
15	58	55.249240471971
16	58	137.04556411935
17	58	66.3937390034627
18	58	174.798324036214
19	58	131.257227885332
20	58	131.685388233471
21	58	107.924681693956
22	58	127.361812251395
23	58	130.881068051751
24	58	106.216992091858
25	58	39.7936335949122
26	58	-1
27	58	89.6817652743404
28	58	255.647546930161
29	58	94.011498063008
30	58	-1
31	58	136.928868669479
32	58	96.6865970342373
33	58	-1
34	58	-1
35	58	141.090258230052
36	58	-1
37	58	-1
38	58	-1
39	58	126.256282266454
40	58	137.4246538977
41	58	193.861293277896
42	58	-1
43	58	-1
44	58	-1
45	58	95.5745293223073
1	59	84.742243423511
2	59	138.682197442733
3	59	21.4295116231078
4	59	248.606585147015
5	59	7.57661528078147
6	59	85.4311237167059
7	59	16.3681618697372
8	59	39.5377096025862
9	59	13.2113826282064
10	59	348.264577845589
11	59	133.261886026598
12	59	127.965405517567
13	59	100.294177864494
14	59	191.273911578523
15	59	8.5071470233555
16	59	10.962962618912
17	59	74.7818869385513
18	59	162.999228130439
19	59	26.1881477433763
20	59	140.401530465726
21	59	70.77959137503
22	59	91.7927364978186
23	59	97.2095267852664
24	59	37.393759203025
25	59	49.798714216747
26	59	11.3730886343954
27	59	132.232701248502
28	59	113.077433651458
29	59	10.8550763469773
30	59	12.5462970374899
31	59	17.6300292231512
32	59	53.449966397793
33	59	10.7304493916783
34	59	19.7042055914671
35	59	211.627302367108
36	59	8.34526647748262
37	59	16.0016079427667
38	59	10.0507245083392
39	59	26.1042948589862
40	59	15.9079680719997
41	59	25.6461337685379
42	59	11.9060236134753
43	59	15.9180179473253
44	59	13.4914462945141
45	59	63.9774357615058
1	60	16.1924438089046
2	60	9.06549227819018
3	60	3.85196118279501
4	60	6.83089321601909
5	60	5.102732062083
6	60	12.4586865859211
7	60	4.25725055442215
8	60	5.11827658310827
9	60	3.27747426940888
10	60	13.9488353506679
11	60	7.65690284208666
12	60	6.78570283101902
13	60	14.3695944364101
14	60	8.28495904811458
15	60	10.0287737273993
16	60	6.00501234067629
17	60	8.96689192220041
18	60	5.83071320335397
19	60	8.94731571190139
20	60	9.02024665599888
21	60	8.39102108477122
22	60	11.0656140458018
23	60	3.95086080411906
24	60	4.02876819849111
25	60	8.05595064205586
26	60	4.05749276702929
27	60	4.97172463174355
28	60	10.4347996755427
29	60	18.1963431561372
30	60	11.3137111982679
31	60	7.15186936758592
32	60	15.9062394208413
33	60	3.0061053865863
34	60	3.24031336565631
35	60	3.73163347205525
36	60	7.51685585086613
37	60	12.0040659875
38	60	7.40278346870365
39	60	18.7237249675598
40	60	3.17888091529646
41	60	9.12728137089662
42	60	5.40980768943445
43	60	13.8349872172072
44	60	7.16794723190066
45	60	5.20054866768282
1	61	-1
2	61	-1
3	61	-1
4	61	-1
5	61	-1
6	61	-1
7	61	-1
8	61	-1
9	61	-1
10	61	-1
11	61	-1
12	61	-1
13	61	-1
14	61	-1
15	61	-1
16	61	-1
17	61	-1
18	61	-1
19	61	-1
20	61	-1
21	61	-1
22	61	-1
23	61	-1
24	61	-1
25	61	-1
26	61	-1
27	61	-1
28	61	-1
29	61	-1
30	61	-1
31	61	-1
32	61	-1
33	61	-1
34	61	-1
35	61	-1
36	61	-1
37	61	-1
38	61	-1
39	61	-1
40	61	-1
41	61	-1
42	61	-1
43	61	-1
44	61	-1
45	61	-1
1	62	-1
2	62	-1
3	62	-1
4	62	-1
5	62	-1
6	62	-1
7	62	-1
8	62	-1
9	62	-1
10	62	-1
11	62	-1
12	62	-1
13	62	-1
14	62	-1
15	62	-1
16	62	-1
17	62	-1
18	62	-1
19	62	-1
20	62	-1
21	62	-1
22	62	-1
23	62	-1
24	62	-1
25	62	-1
26	62	-1
27	62	-1
28	62	-1
29	62	-1
30	62	-1
31	62	-1
32	62	-1
33	62	-1
34	62	-1
35	62	-1
36	62	-1
37	62	-1
38	62	-1
39	62	-1
40	62	-1
41	62	-1
42	62	-1
43	62	-1
44	62	-1
45	62	-1
1	63	-1
2	63	-1
3	63	-1
4	63	-1
5	63	-1
6	63	-1
7	63	-1
8	63	-1
9	63	-1
10	63	-1
11	63	-1
12	63	-1
13	63	-1
14	63	-1
15	63	-1
16	63	-1
17	63	-1
18	63	-1
19	63	-1
20	63	-1
21	63	-1
22	63	-1
23	63	-1
24	63	-1
25	63	-1
26	63	-1
27	63	-1
28	63	-1
29	63	-1
30	63	-1
31	63	-1
32	63	-1
33	63	-1
34	63	-1
35	63	-1
36	63	-1
37	63	-1
38	63	-1
39	63	-1
40	63	-1
41	63	-1
42	63	-1
43	63	-1
44	63	-1
45	63	-1
1	64	-1
2	64	-1
3	64	-1
4	64	-1
5	64	-1
6	64	-1
7	64	-1
8	64	-1
9	64	-1
10	64	-1
11	64	-1
12	64	-1
13	64	-1
14	64	-1
15	64	-1
16	64	-1
17	64	-1
18	64	-1
19	64	-1
20	64	-1
21	64	-1
22	64	-1
23	64	-1
24	64	-1
25	64	-1
26	64	-1
27	64	-1
28	64	-1
29	64	-1
30	64	-1
31	64	-1
32	64	-1
33	64	-1
34	64	-1
35	64	-1
36	64	-1
37	64	-1
38	64	-1
39	64	-1
40	64	-1
41	64	-1
42	64	-1
43	64	-1
44	64	-1
45	64	-1
1	65	-1
2	65	-1
3	65	-1
4	65	-1
5	65	-1
6	65	-1
7	65	-1
8	65	-1
9	65	-1
10	65	-1
11	65	-1
12	65	-1
13	65	-1
14	65	-1
15	65	-1
16	65	-1
17	65	-1
18	65	-1
19	65	-1
20	65	-1
21	65	-1
22	65	-1
23	65	-1
24	65	-1
25	65	-1
26	65	-1
27	65	-1
28	65	-1
29	65	-1
30	65	-1
31	65	-1
32	65	-1
33	65	-1
34	65	596.832760423089
35	65	-1
36	65	-1
37	65	-1
38	65	-1
39	65	-1
40	65	-1
41	65	-1
42	65	-1
43	65	-1
44	65	-1
45	65	-1
1	66	-1
2	66	-1
3	66	-1
4	66	-1
5	66	-1
6	66	-1
7	66	-1
8	66	-1
9	66	-1
10	66	-1
11	66	-1
12	66	-1
13	66	-1
14	66	-1
15	66	-1
16	66	-1
17	66	-1
18	66	-1
19	66	-1
20	66	-1
21	66	-1
22	66	-1
23	66	-1
24	66	-1
25	66	-1
26	66	-1
27	66	-1
28	66	-1
29	66	-1
30	66	-1
31	66	-1
32	66	-1
33	66	-1
34	66	-1
35	66	-1
36	66	-1
37	66	-1
38	66	-1
39	66	-1
40	66	-1
41	66	-1
42	66	-1
43	66	-1
44	66	-1
45	66	-1
1	67	85.3825732406599
2	67	135.563172458959
3	67	25.277712742532
4	67	142.042466091827
5	67	38.1964574558262
6	67	159.709343049776
7	67	53.2678986530648
8	67	65.7317389170849
9	67	42.7237656260902
10	67	144.370141396621
11	67	107.442590625535
12	67	71.3247503391187
13	67	170.744496373001
14	67	184.702487337563
15	67	68.3790068130185
16	67	42.7779128355776
17	67	91.0340696722557
18	67	95.4496973231284
19	67	162.202037497107
20	67	220.839521501627
21	67	62.359726410577
22	67	141.480390302476
23	67	186.191107545582
24	67	136.924186360113
25	67	97.5856689406971
26	67	81.8895891879688
27	67	149.195312506014
28	67	75.688012243453
29	67	69.2406879309672
30	67	19.520713643628
31	67	79.3916320061187
32	67	115.82441438351
33	67	9.92557158524581
34	67	72.2296636553933
35	67	63.8103313653249
36	67	8.08746659494069
37	67	29.6648630442528
38	67	10.6734759753011
39	67	148.808646845181
40	67	90.5298014629926
41	67	120.148331210213
42	67	14.1506444641215
43	67	17.5920499143227
44	67	13.7263043611505
45	67	85.8717281830391
1	68	-1
2	68	-1
3	68	-1
4	68	-1
5	68	-1
6	68	-1
7	68	-1
8	68	-1
9	68	-1
10	68	-1
11	68	-1
12	68	-1
13	68	-1
14	68	-1
15	68	-1
16	68	-1
17	68	-1
18	68	-1
19	68	-1
20	68	-1
21	68	-1
22	68	-1
23	68	-1
24	68	-1
25	68	-1
26	68	-1
27	68	-1
28	68	-1
29	68	-1
30	68	-1
31	68	-1
32	68	-1
33	68	-1
34	68	-1
35	68	-1
36	68	-1
37	68	-1
38	68	-1
39	68	-1
40	68	-1
41	68	-1
42	68	-1
43	68	-1
44	68	-1
45	68	-1
1	69	-1
2	69	-1
3	69	-1
4	69	-1
5	69	-1
6	69	-1
7	69	-1
8	69	-1
9	69	-1
10	69	-1
11	69	-1
12	69	-1
13	69	-1
14	69	-1
15	69	-1
16	69	-1
17	69	-1
18	69	-1
19	69	-1
20	69	-1
21	69	-1
22	69	-1
23	69	-1
24	69	-1
25	69	-1
26	69	-1
27	69	-1
28	69	-1
29	69	-1
30	69	-1
31	69	-1
32	69	-1
33	69	-1
34	69	-1
35	69	-1
36	69	-1
37	69	-1
38	69	-1
39	69	-1
40	69	-1
41	69	-1
42	69	-1
43	69	-1
44	69	-1
45	69	-1
1	70	-1
2	70	-1
3	70	-1
4	70	-1
5	70	-1
6	70	-1
7	70	-1
8	70	-1
9	70	-1
10	70	-1
11	70	-1
12	70	-1
13	70	-1
14	70	-1
15	70	-1
16	70	-1
17	70	-1
18	70	-1
19	70	-1
20	70	-1
21	70	-1
22	70	-1
23	70	-1
24	70	-1
25	70	-1
26	70	-1
27	70	-1
28	70	-1
29	70	-1
30	70	-1
31	70	-1
32	70	-1
33	70	-1
34	70	-1
35	70	-1
36	70	-1
37	70	-1
38	70	-1
39	70	-1
40	70	-1
41	70	-1
42	70	-1
43	70	-1
44	70	-1
45	70	-1
1	71	51.2927471825454
2	71	66.3871070893697
3	71	29.0130616741295
4	71	94.2335255763368
5	71	13.0835296310919
6	71	70.5989464140971
7	71	40.0693690252929
8	71	44.493585046653
9	71	28.8265064629369
10	71	160.710754537317
11	71	116.103452279232
12	71	105.128167421386
13	71	103.928742561229
14	71	124.017882829406
15	71	66.6265731456754
16	71	40.1380998629119
17	71	76.9203314345539
18	71	110.9317198476
19	71	92.6353189056904
20	71	116.244907810499
21	71	89.8265684039538
22	71	62.7672973982287
23	71	178.743736037643
24	71	77.9482980683289
25	71	51.7958017709873
26	71	47.5864096671417
27	71	145.065994749757
28	71	93.1783482119589
29	71	45.1030756544238
30	71	-1
31	71	77.780602951189
32	71	70.3278287805834
33	71	Inf
34	71	41.9209308743198
35	71	184.752335638358
36	71	-1
37	71	62.8429299025385
38	71	-1
39	71	97.5814849040432
40	71	39.7470986562726
41	71	81.2170290010939
42	71	-1
43	71	39.4027690721574
44	71	-1
45	71	65.7638057154662
1	72	764.614226564249
2	72	1040.20169785447
3	72	557.469435679656
4	72	1458.63818910647
5	72	570.099642357696
6	72	860.179758328106
7	72	983.068835148801
8	72	663.293388671304
9	72	448.31874223194
10	72	2295.31671362252
11	72	793.669805178581
12	72	1601.78592035823
13	72	1047.92489097501
14	72	1825.84556650822
15	72	1375.7377534427
16	72	513.540965541413
17	72	988.590777122961
18	72	1524.88781477977
19	72	1097.46681850919
20	72	1694.34806433551
21	72	1104.77585540363
22	72	1677.41538594199
23	72	1252.42179540067
24	72	657.996055479996
25	72	724.142979485414
26	72	547.827822081283
27	72	1729.7152782476
28	72	1758.68839628239
29	72	1530.57528742982
30	72	15.7853445422645
31	72	1247.92717060247
32	72	683.877663814163
33	72	4213.66201997807
34	72	514.538173145413
35	72	3717.94953693924
36	72	1748.5583144292
37	72	19.6836971722869
38	72	18.8045953813992
39	72	1763.88228189833
40	72	494.984777203748
41	72	935.753648111255
42	72	57.2362680776602
43	72	19.7835348112069
44	72	17.2724767175901
45	72	1173.38602525927
1	73	-1
2	73	-1
3	73	-1
4	73	-1
5	73	-1
6	73	-1
7	73	-1
8	73	-1
9	73	-1
10	73	-1
11	73	-1
12	73	-1
13	73	-1
14	73	-1
15	73	-1
16	73	-1
17	73	-1
18	73	-1
19	73	-1
20	73	-1
21	73	-1
22	73	-1
23	73	-1
24	73	-1
25	73	-1
26	73	-1
27	73	-1
28	73	-1
29	73	-1
30	73	-1
31	73	-1
32	73	-1
33	73	-1
34	73	-1
35	73	-1
36	73	-1
37	73	-1
38	73	-1
39	73	-1
40	73	-1
41	73	-1
42	73	-1
43	73	-1
44	73	-1
45	73	-1
1	74	130.52786291072
2	74	176.751710002474
3	74	59.6283636874993
4	74	183.562581759491
5	74	59.792075212646
6	74	238.611700709307
7	74	126.774872838577
8	74	112.509726925558
9	74	105.69749450425
10	74	412.534237473216
11	74	246.031083614991
12	74	257.643411363434
13	74	220.581188255319
14	74	306.808830298167
15	74	102.245959245422
16	74	122.598468328047
17	74	512.514786049273
18	74	253.889559206096
19	74	250.135990191917
20	74	255.57985039276
21	74	125.006600181986
22	74	154.211295308106
23	74	490.404242727098
24	74	139.399773122329
25	74	125.092564732789
26	74	94.8519792022743
27	74	283.624083427482
28	74	228.834539946394
29	74	77.038358250188
30	74	15.4543331691251
31	74	180.002846010153
32	74	140.633623893399
33	74	8.63760933294213
34	74	80.3407341105181
35	74	281.178699923134
36	74	12.8523606432888
37	74	13.450380549136
38	74	8.99894879110176
39	74	253.616006101911
40	74	124.396024656431
41	74	168.77483332568
42	74	11.2906578864854
43	74	15.0620328779392
44	74	18.9736992703599
45	74	98.7219618243177
1	75	-1
2	75	-1
3	75	-1
4	75	-1
5	75	-1
6	75	-1
7	75	-1
8	75	-1
9	75	-1
10	75	-1
11	75	-1
12	75	-1
13	75	-1
14	75	-1
15	75	-1
16	75	-1
17	75	-1
18	75	-1
19	75	-1
20	75	-1
21	75	-1
22	75	-1
23	75	-1
24	75	-1
25	75	-1
26	75	-1
27	75	-1
28	75	-1
29	75	-1
30	75	-1
31	75	-1
32	75	-1
33	75	-1
34	75	-1
35	75	-1
36	75	-1
37	75	-1
38	75	-1
39	75	-1
40	75	-1
41	75	-1
42	75	-1
43	75	-1
44	75	-1
45	75	-1
1	76	-1
2	76	-1
3	76	-1
4	76	-1
5	76	-1
6	76	-1
7	76	-1
8	76	-1
9	76	-1
10	76	-1
11	76	-1
12	76	-1
13	76	-1
14	76	-1
15	76	-1
16	76	-1
17	76	-1
18	76	-1
19	76	-1
20	76	-1
21	76	-1
22	76	-1
23	76	-1
24	76	-1
25	76	-1
26	76	-1
27	76	-1
28	76	-1
29	76	-1
30	76	-1
31	76	-1
32	76	-1
33	76	-1
34	76	-1
35	76	-1
36	76	-1
37	76	-1
38	76	-1
39	76	-1
40	76	-1
41	76	-1
42	76	-1
43	76	-1
44	76	-1
45	76	-1
1	77	-1
2	77	343.860743758896
3	77	-1
4	77	-1
5	77	-1
6	77	-1
7	77	-1
8	77	-1
9	77	-1
10	77	-1
11	77	-1
12	77	-1
13	77	-1
14	77	-1
15	77	-1
16	77	-1
17	77	-1
18	77	-1
19	77	-1
20	77	72.05652005903
21	77	-1
22	77	-1
23	77	-1
24	77	-1
25	77	-1
26	77	-1
27	77	-1
28	77	-1
29	77	-1
30	77	-1
31	77	-1
32	77	-1
33	77	-1
34	77	-1
35	77	-1
36	77	-1
37	77	-1
38	77	-1
39	77	69.3185836973796
40	77	-1
41	77	-1
42	77	-1
43	77	-1
44	77	-1
45	77	-1
1	78	-1
2	78	-1
3	78	-1
4	78	-1
5	78	-1
6	78	-1
7	78	-1
8	78	-1
9	78	-1
10	78	-1
11	78	-1
12	78	-1
13	78	-1
14	78	-1
15	78	-1
16	78	-1
17	78	-1
18	78	-1
19	78	-1
20	78	-1
21	78	-1
22	78	-1
23	78	-1
24	78	1.68087922584612
25	78	-1
26	78	-1
27	78	3.24379673395054
28	78	-1
29	78	-1
30	78	-1
31	78	4.27919090091083
32	78	-1
33	78	-1
34	78	-1
35	78	-1
36	78	-1
37	78	-1
38	78	-1
39	78	-1
40	78	-1
41	78	-1
42	78	-1
43	78	-1
44	78	-1
45	78	-1
1	79	309.550041929222
2	79	235.661516291363
3	79	49.0664540737559
4	79	487.859836467056
5	79	29.4878271149267
6	79	171.24747871447
7	79	57.8908967693713
8	79	161.304726813075
9	79	83.7073256816415
10	79	351.808318502194
11	79	226.151733189904
12	79	481.972212784357
13	79	598.236292914979
14	79	331.021468500673
15	79	61.0585674210854
16	79	48.0192492761894
17	79	238.231638173903
18	79	200.300941819994
19	79	152.998901486245
20	79	308.144287710965
21	79	209.96513498093
22	79	130.341450994692
23	79	305.059318112554
24	79	178.645412395233
25	79	60.9130522351846
26	79	90.6515381146882
27	79	335.46523727265
28	79	409.092226323528
29	79	52.8527880008854
30	79	47.5381107931643
31	79	319.946813715767
32	79	106.360820759381
33	79	83.7112960126649
34	79	103.213648246023
35	79	281.493907526862
36	79	203.714770983929
37	79	50.7504156127325
38	79	63.8378296619002
39	79	369.878977828725
40	79	103.183208441091
41	79	193.085941723737
42	79	116.708559946362
43	79	515.187321432747
44	79	27.4773980409687
45	79	106.637055939104
1	80	201.388696242377
2	80	204.584478933283
3	80	27.8895820794003
4	80	200.634769486594
5	80	106.206149596669
6	80	121.537213666475
7	80	18.2211237778302
8	80	87.8156331297998
9	80	31.8043052747388
10	80	19.8756938755627
11	80	120.557423361535
12	80	6.05942027009788
13	80	110.436728976786
14	80	460.183030803255
15	80	8.00681011581437
16	80	27.0131994884651
17	80	15.3880926966708
18	80	25.0881345809615
19	80	194.77716418883
20	80	347.061611906935
21	80	9.09610172994691
22	80	24.5761369548023
23	80	51.161840141438
24	80	257.081760838963
25	80	15.123086132425
26	80	201.754898145794
27	80	324.217402601986
28	80	218.492496207593
29	80	7.74336767953259
30	80	96.8022425176144
31	80	106.804836460221
32	80	111.273303751119
33	80	131.250338927054
34	80	90.737190825681
35	80	11.5050200084046
36	80	347.638855171777
37	80	81.7526875494904
38	80	69.7101228556341
39	80	109.251815199981
40	80	167.122713809827
41	80	129.637832794962
42	80	169.399193631215
43	80	254.739853229157
44	80	40.0246978592959
45	80	26.9726532930355
1	81	1016.84398425246
2	81	996.537332809715
3	81	481.5194633136
4	81	875.407088863569
5	81	380.430096422156
6	81	236.916322726818
7	81	162.4767131792
8	81	302.62942497439
9	81	481.515496238827
10	81	126.167987155853
11	81	372.696305187654
12	81	150.26041727173
13	81	1027.54260402774
14	81	1792.24024272879
15	81	365.386200796371
16	81	315.422835007275
17	81	373.206587949364
18	81	271.69186653021
19	81	204.32273593311
20	81	1157.62238849226
21	81	268.85612747902
22	81	267.353559113095
23	81	90.7720371070819
24	81	418.581610176575
25	81	89.1033505572956
26	81	199.391750656767
27	81	774.836940190841
28	81	293.504855121732
29	81	261.110428023935
30	81	106.141099542281
31	81	542.520567420618
32	81	146.198201033052
33	81	464.575410850337
34	81	220.638738939798
35	81	189.171536909363
36	81	204.997059454299
37	81	46.1399830582034
38	81	135.668285363976
39	81	165.605214830311
40	81	222.133331417749
41	81	182.730582512713
42	81	335.275844479131
43	81	671.236786313244
44	81	299.737440088811
45	81	460.294190027699
1	82	222.454330916038
2	82	244.505784059235
3	82	67.3495095227625
4	82	218.810498157461
5	82	76.9013162890798
6	82	198.734082692689
7	82	127.759590745604
8	82	139.078678171005
9	82	86.1122727564627
10	82	210.146461905638
11	82	175.934634072453
12	82	214.11994931987
13	82	311.041107547167
14	82	414.28073666199
15	82	247.790785351957
16	82	121.838005883441
17	82	190.296886562315
18	82	246.98883318367
19	82	413.959102648952
20	82	266.698625508677
21	82	154.878051213623
22	82	197.763327378686
23	82	331.126970849991
24	82	220.009071567305
25	82	84.6282072228446
26	82	135.854355892272
27	82	355.779286734238
28	82	370.990900556454
29	82	143.087967729211
30	82	68.2049573071997
31	82	163.744536192246
32	82	212.066975491228
33	82	31.4930853567732
34	82	129.33943612985
35	82	139.495293050634
36	82	72.5986390723546
37	82	57.0210133705606
38	82	55.6703521287933
39	82	344.886806192393
40	82	124.327403115248
41	82	157.955141265782
42	82	112.563656172825
43	82	145.770868711257
44	82	55.8355152625416
45	82	213.010692168386
1	83	113.693013555033
2	83	85.8183260372746
3	83	-1
4	83	224.308809934157
5	83	-1
6	83	54.8571106742281
7	83	22.1798422835633
8	83	63.6888672668945
9	83	-1
10	83	13.7645177518709
11	83	59.8605818779252
12	83	13.8429507242858
13	83	53.8281090340207
14	83	332.326949854132
15	83	14.9526710767683
16	83	24.4468838861597
17	83	12.1951847582845
18	83	98.5735097855869
19	83	80.2115960563919
20	83	101.295159168713
21	83	19.0199742955946
22	83	53.309664316566
23	83	50.7807536491638
24	83	66.5934448566181
25	83	15.9459577830951
26	83	69.4282621720763
27	83	246.211155906701
28	83	212.135708796559
29	83	14.5824379249034
30	83	27.6484797249685
31	83	187.207643047506
32	83	54.5048117138349
33	83	140.831084152483
34	83	57.3073306696136
35	83	188.090832491777
36	83	157.214649585003
37	83	28.3442908838509
38	83	36.2155320402615
39	83	83.3957280327779
40	83	58.643274042393
41	83	50.9366229334451
42	83	100.646563865689
43	83	167.004482574574
44	83	33.9075127312872
45	83	27.5595019214246
1	84	-1
2	84	-1
3	84	-1
4	84	-1
5	84	-1
6	84	-1
7	84	-1
8	84	-1
9	84	-1
10	84	-1
11	84	-1
12	84	-1
13	84	-1
14	84	-1
15	84	-1
16	84	-1
17	84	-1
18	84	-1
19	84	-1
20	84	-1
21	84	-1
22	84	-1
23	84	-1
24	84	-1
25	84	-1
26	84	-1
27	84	-1
28	84	-1
29	84	-1
30	84	-1
31	84	-1
32	84	-1
33	84	-1
34	84	-1
35	84	-1
36	84	-1
37	84	-1
38	84	-1
39	84	-1
40	84	-1
41	84	-1
42	84	-1
43	84	-1
44	84	-1
45	84	-1
1	85	59.806134417879
2	85	52.6646366145354
3	85	25.9930697250019
4	85	51.3874444889394
5	85	20.0930370511727
6	85	49.1911815720933
7	85	50.6540863019006
8	85	36.7258458342976
9	85	23.7651516621965
10	85	43.9919197691045
11	85	26.0878832181975
12	85	42.4197843540039
13	85	83.6435570559016
14	85	42.0457457310657
15	85	98.3978498204404
16	85	62.4861615803598
17	85	58.2327989207639
18	85	49.1860948321577
19	85	73.4098393108443
20	85	74.7120800364094
21	85	23.1025370789625
22	85	68.1260708496575
23	85	124.719133425656
24	85	42.0799739567549
25	85	80.1289629735154
26	85	29.6765067482513
27	85	108.361651482391
28	85	32.346831051538
29	85	38.0884099363524
30	85	3.6947286338775
31	85	22.0720060252869
32	85	63.2709102237989
33	85	-1
34	85	36.11003026005
35	85	46.1799281699393
36	85	-1
37	85	4.97085655094471
38	85	3.58931483225957
39	85	46.989553345765
40	85	39.2412576818638
41	85	72.9466591850682
42	85	3.24804463331164
43	85	10.1870800055523
44	85	6.74446550624124
45	85	33.0560237945577
1	86	-1
2	86	-1
3	86	-1
4	86	-1
5	86	-1
6	86	-1
7	86	-1
8	86	-1
9	86	-1
10	86	-1
11	86	-1
12	86	-1
13	86	-1
14	86	-1
15	86	-1
16	86	-1
17	86	-1
18	86	-1
19	86	-1
20	86	-1
21	86	-1
22	86	-1
23	86	-1
24	86	-1
25	86	-1
26	86	-1
27	86	-1
28	86	-1
29	86	-1
30	86	-1
31	86	-1
32	86	-1
33	86	-1
34	86	-1
35	86	-1
36	86	-1
37	86	-1
38	86	-1
39	86	-1
40	86	-1
41	86	-1
42	86	-1
43	86	-1
44	86	-1
45	86	-1
1	87	775.572017680379
2	87	451.003597042777
3	87	34.6895715749465
4	87	220.322041586632
5	87	134.160140485509
6	87	537.389207229579
7	87	193.291650329897
8	87	271.91286685074
9	87	185.602923463079
10	87	234.291750867919
11	87	128.886007561893
12	87	131.706921029576
13	87	170.210070809816
14	87	229.036051373644
15	87	94.7790763147262
16	87	133.330106834942
17	87	182.128535617805
18	87	205.215362314114
19	87	181.695125182925
20	87	654.93505112668
21	87	136.700551968805
22	87	156.73198827541
23	87	393.029023745779
24	87	265.234878646422
25	87	82.1029704431066
26	87	320.926117625313
27	87	221.762252755402
28	87	164.138711947797
29	87	132.344488025946
30	87	10.1669408573378
31	87	111.252265261295
32	87	95.3687362880596
33	87	16.0286927307968
34	87	89.6257816202179
35	87	246.929212924833
36	87	15.3430901746605
37	87	22.2773265769557
38	87	18.4039199433297
39	87	89.3278804709699
40	87	249.60112742313
41	87	173.522298843124
42	87	29.6505435120548
43	87	4.94662994853519
44	87	8.86838674939821
45	87	93.6868057269603
1	88	-1
2	88	-1
3	88	-1
4	88	-1
5	88	-1
6	88	-1
7	88	-1
8	88	-1
9	88	-1
10	88	-1
11	88	-1
12	88	-1
13	88	-1
14	88	-1
15	88	-1
16	88	-1
17	88	-1
18	88	-1
19	88	-1
20	88	-1
21	88	-1
22	88	-1
23	88	-1
24	88	-1
25	88	-1
26	88	-1
27	88	-1
28	88	-1
29	88	-1
30	88	-1
31	88	-1
32	88	-1
33	88	-1
34	88	-1
35	88	-1
36	88	-1
37	88	-1
38	88	-1
39	88	-1
40	88	-1
41	88	-1
42	88	-1
43	88	-1
44	88	-1
45	88	-1
1	89	-1
2	89	-1
3	89	-1
4	89	-1
5	89	-1
6	89	-1
7	89	-1
8	89	-1
9	89	-1
10	89	-1
11	89	-1
12	89	-1
13	89	-1
14	89	-1
15	89	-1
16	89	-1
17	89	-1
18	89	-1
19	89	-1
20	89	-1
21	89	-1
22	89	-1
23	89	-1
24	89	-1
25	89	-1
26	89	-1
27	89	-1
28	89	-1
29	89	-1
30	89	-1
31	89	-1
32	89	-1
33	89	-1
34	89	-1
35	89	-1
36	89	-1
37	89	-1
38	89	-1
39	89	-1
40	89	-1
41	89	-1
42	89	-1
43	89	-1
44	89	-1
45	89	-1
1	90	868.777951948043
2	90	927.640709912489
3	90	15.3568032059852
4	90	942.714725032038
5	90	44.0025126834333
6	90	549.534516446947
7	90	214.067959894244
8	90	432.040252810979
9	90	36.040210547193
10	90	208.414450947707
11	90	498.213922676966
12	90	144.237350061252
13	90	1293.09936928746
14	90	1158.09264201641
15	90	79.5743239194069
16	90	94.8652293675342
17	90	486.448243386225
18	90	358.840609416119
19	90	841.492931334957
20	90	941.350890897135
21	90	153.160484899159
22	90	321.48525017569
23	90	381.048445146935
24	90	788.162895213386
25	90	158.873294234542
26	90	733.649379447785
27	90	984.881434422846
28	90	783.392804865404
29	90	161.606209441549
30	90	485.282834278531
31	90	995.706824755657
32	90	651.522232302327
33	90	237.857510048055
34	90	524.671205073491
35	90	156.722280314143
36	90	573.544918370771
37	90	579.872715632725
38	90	417.429883874983
39	90	872.739961061844
40	90	848.547068385161
41	90	710.492608596682
42	90	646.645385785879
43	90	872.158730341396
44	90	376.470576357334
45	90	346.578177761673
1	91	589.887681307967
2	91	473.971194842119
3	91	9.64516213841004
4	91	461.145905158628
5	91	26.2462942244555
6	91	350.333336818546
7	91	266.022003495932
8	91	216.233953766448
9	91	19.5862617452538
10	91	156.681754226413
11	91	428.367143214524
12	91	77.8494668427506
13	91	581.447494092581
14	91	1104.43582045861
15	91	38.9864192295169
16	91	188.226829344591
17	91	131.269125523136
18	91	588.240889541063
19	91	408.030508914537
20	91	692.921179867536
21	91	78.7765196945302
22	91	280.47333952217
23	91	609.302080522213
24	91	470.36977465008
25	91	82.1878469440526
26	91	385.396898793496
27	91	513.913080122835
28	91	900.384726694483
29	91	60.8207600751719
30	91	332.570226056133
31	91	477.541646425205
32	91	366.64684550471
33	91	106.675271447349
34	91	300.070757364402
35	91	185.231059051484
36	91	162.977983967634
37	91	247.183691207069
38	91	202.447768070931
39	91	476.412913025962
40	91	366.02109288437
41	91	281.529351405047
42	91	447.664106896225
43	91	391.861685682683
44	91	150.156862709266
45	91	184.017799562868
1	92	2529.80364417964
2	92	3106.0523666303
3	92	421.900055397076
4	92	2201.19225115397
5	92	405.1142258918
6	92	764.492003989874
7	92	416.053649366636
8	92	950.832368880545
9	92	446.849164943311
10	92	797.057361284095
11	92	1166.63777357635
12	92	322.692510210559
13	92	1873.99932451937
14	92	3533.75412416652
15	92	418.444187501976
16	92	322.632361979493
17	92	1419.88205510178
18	92	1238.23528889037
19	92	1124.09252575547
20	92	2808.41993161992
21	92	298.508925449275
22	92	892.648971468281
23	92	1431.43804634222
24	92	822.132523645956
25	92	562.944500802029
26	92	1031.98434406461
27	92	1584.45104763215
28	92	1748.56623765642
29	92	280.518937826057
30	92	505.893085639749
31	92	1730.98366213883
32	92	890.309146755383
33	92	772.078103569396
34	92	1264.14334342906
35	92	591.233149648963
36	92	903.866272723209
37	92	825.763196946647
38	92	580.965907091875
39	92	1398.57033850372
40	92	915.444372154718
41	92	1016.67560211507
42	92	1374.83520164675
43	92	1631.56860160965
44	92	686.789502096529
45	92	838.88568966532
1	93	693.201799959723
2	93	627.905384070577
3	93	-1
4	93	660.786697559504
5	93	-1
6	93	331.655291022039
7	93	39.7209181836412
8	93	269.047991579798
9	93	-1
10	93	24.2655400124644
11	93	286.860485934619
12	93	9.32617838547843
13	93	421.779716541435
14	93	618.995972128661
15	93	9.38383410065197
16	93	27.5619543312084
17	93	61.2196565400494
18	93	115.239359133531
19	93	377.240042365849
20	93	478.155239370198
21	93	10.8146142295955
22	93	39.2769384211816
23	93	49.7770366417911
24	93	302.77897253878
25	93	12.9349381247269
26	93	254.475689248869
27	93	472.719397824173
28	93	913.099227690241
29	93	19.4249997985668
30	93	196.895945927006
31	93	541.220028866364
32	93	209.994916492935
33	93	409.505928022985
34	93	281.913568603731
35	93	42.2528072270489
36	93	498.382980459783
37	93	188.555722718497
38	93	171.44116345717
39	93	380.173548439408
40	93	259.488460715392
41	93	289.511656963418
42	93	354.150306851767
43	93	276.679466682389
44	93	101.297696224159
45	93	58.0654266503105
1	94	536.37795689799
2	94	625.926281270964
3	94	139.026514387311
4	94	772.476823754109
5	94	88.0342611764229
6	94	434.082706192743
7	94	49.0580305642181
8	94	213.955292153576
9	94	114.648549830266
10	94	75.1000563375788
11	94	355.515636030419
12	94	51.1303237057629
13	94	832.262420402691
14	94	820.234806740195
15	94	43.869276072371
16	94	61.5013448586839
17	94	129.591035738219
18	94	356.023276054941
19	94	398.140283580567
20	94	676.321850308615
21	94	95.2706542360866
22	94	115.846743420473
23	94	46.737979193548
24	94	588.577570638094
25	94	174.224836627501
26	94	518.333849005991
27	94	766.63050837163
28	94	411.303630491828
29	94	40.1957429689316
30	94	288.462710177858
31	94	729.622333422083
32	94	455.639181064025
33	94	401.46883120416
34	94	371.87674398746
35	94	35.4536220946482
36	94	608.530538332642
37	94	380.121414176114
38	94	259.481076390446
39	94	650.021718506698
40	94	451.365740837868
41	94	504.197929068293
42	94	431.040921281237
43	94	636.792637086647
44	94	310.065940052433
45	94	214.711584039023
1	95	938.949239339469
2	95	1047.28141882362
3	95	225.372031158179
4	95	1092.97735798498
5	95	126.57839877304
6	95	664.927548523516
7	95	629.71658082087
8	95	457.086020288849
9	95	329.522624841809
10	95	665.881669742858
11	95	518.096701605849
12	95	332.05196823726
13	95	1175.78787148604
14	95	2083.88621212956
15	95	206.278815745694
16	95	369.458199179095
17	95	412.30314406347
18	95	700.670291191305
19	95	891.903774810878
20	95	1235.74595626701
21	95	226.19459553814
22	95	461.313130491273
23	95	515.164708471621
24	95	714.713282093538
25	95	293.284159505886
26	95	450.255163359296
27	95	1115.04827873149
28	95	1230.8779811298
29	95	234.957818437989
30	95	404.703446985081
31	95	890.318699467748
32	95	612.187679779081
33	95	219.592761285826
34	95	458.71497868078
35	95	699.447220568773
36	95	508.27360563938
37	95	405.959250124895
38	95	301.448067949269
39	95	859.756490107907
40	95	433.7459283736
41	95	509.716318794601
42	95	546.385674259915
43	95	714.945461951706
44	95	188.391212870246
45	95	418.793373551896
1	96	881.094389845385
2	96	688.659661077862
3	96	69.0075398059945
4	96	1081.21854334717
5	96	135.196753268049
6	96	568.263958243657
7	96	114.482883839947
8	96	13561.7601778507
9	96	65.7993403157828
10	96	333.754436046568
11	96	183.726135979376
12	96	1030.56992892212
13	96	201.009520046808
14	96	4875.44457577521
15	96	77.6741947050447
16	96	149.637840207699
17	96	301.220316353606
18	96	647.354438076424
19	96	233.875023149935
20	96	4551.7924837737
21	96	-1
22	96	1300.11353852283
23	96	633.592384887158
24	96	280.001320061105
25	96	-1
26	96	395.788562008701
27	96	454.362420232983
28	96	696.486295873572
29	96	-1
30	96	311.995686427311
31	96	580.699613534356
32	96	574.052736526547
33	96	172.871748275626
34	96	334.718968624064
35	96	1242.05464724918
36	96	188.746308320304
37	96	356.34156086455
38	96	119.731768871462
39	96	509.431614794979
40	96	227.560823341671
41	96	496.35522571531
42	96	209.736628780698
43	96	569.006278142221
44	96	218.964733608237
45	96	-1
1	97	475.783760885104
2	97	536.665533977713
3	97	11.9573788103699
4	97	501.747373655601
5	97	10.3301407053068
6	97	142.598759481614
7	97	124.408843178921
8	97	130.291018294491
9	97	-1
10	97	55.4896378960709
11	97	174.825450153542
12	97	27.2945172817211
13	97	163.840500477663
14	97	340.203746980496
15	97	53.2938958837664
16	97	43.0622030852388
17	97	119.866474938156
18	97	160.908769630534
19	97	221.142910526812
20	97	245.935215576705
21	97	25.2800773840741
22	97	43.8435539904298
23	97	130.272518642623
24	97	191.026533129469
25	97	24.7129796715464
26	97	160.541875090487
27	97	208.575385446369
28	97	433.259771484178
29	97	24.7536393423962
30	97	127.478674727173
31	97	357.810189562832
32	97	199.657277927262
33	97	65.8816197848901
34	97	119.081614816436
35	97	89.7397292230516
36	97	108.226263411786
37	97	151.140586302482
38	97	102.844723492345
39	97	210.529483081448
40	97	161.681947387954
41	97	140.461473338026
42	97	194.781008583548
43	97	208.313373572008
44	97	91.7326858490295
45	97	76.9126353718889
1	98	101.236042548686
2	98	129.555015788464
3	98	4.83562922797075
4	98	161.07960657426
5	98	7.11419383260959
6	98	95.9481156151213
7	98	11.6276970266885
8	98	63.4946715134857
9	98	5.7110529712067
10	98	30.4055552940538
11	98	122.887234857039
12	98	17.8706468310511
13	98	112.11813109777
14	98	267.471753447094
15	98	14.2860631474512
16	98	5.49588498233399
17	98	15.0543969976017
18	98	92.2700479559514
19	98	177.245462289012
20	98	197.266482788753
21	98	16.2891523892983
22	98	12.7862294038007
23	98	11.2333862146894
24	98	144.559922098713
25	98	62.4004384949165
26	98	114.809806063207
27	98	167.99975416873
28	98	131.524734163523
29	98	8.27080859483371
30	98	35.9573010575249
31	98	96.2756122097974
32	98	77.241111315197
33	98	104.10485024098
34	98	79.3282406931612
35	98	9.341034347224
36	98	206.10501562094
37	98	53.9839345055156
38	98	52.450687944856
39	98	87.4528187702049
40	98	118.6812172877
41	98	97.1647638552014
42	98	84.4958869876887
43	98	172.324528184225
44	98	42.6015665676666
45	98	28.0154177391172
1	99	20.8453347218419
2	99	68.2786133809069
3	99	-1
4	99	144.936867775861
5	99	-1
6	99	25.5940033737234
7	99	-1
8	99	24.0255063254078
9	99	-1
10	99	-1
11	99	42.0650741637347
12	99	Inf
13	99	70.8430106158079
14	99	61.4269503513483
15	99	Inf
16	99	Inf
17	99	Inf
18	99	36.7603399888891
19	99	32.3301066493015
20	99	70.7357289591461
21	99	37.067915440392
22	99	-1
23	99	Inf
24	99	34.8750875412049
25	99	-1
26	99	19.4907601343398
27	99	40.7007957976148
28	99	21.8101009666953
29	99	Inf
30	99	9.82288847564642
31	99	21.8027292001495
32	99	27.301324852084
33	99	14.5953926310235
34	99	29.6696323688967
35	99	-1
36	99	Inf
37	99	27.2274479935781
38	99	Inf
39	99	27.551057731692
40	99	12.6748858525341
41	99	26.4307364317873
42	99	-1
43	99	-1
44	99	-1
45	99	-1
